code_tract,pop_abs,pop_mulheres,perc_mulheres,pop_homens,perc_homens,idade_mediana,idade_media
330100905060001,523,296,0.5659655831739961,227,0.4340344168260038,45.88607594936709,43.88623326959847
330100905060002,498,283,0.5682730923694779,215,0.43172690763052207,41,39.72289156626506
330100905060003,448,242,0.5401785714285714,206,0.45982142857142855,38.91891891891892,39.578125
330100905060004,217,125,0.576036866359447,92,0.423963133640553,51.09756097560975,46.836405529953915
330100905060005,501,276,0.5508982035928144,225,0.4491017964071856,44.779411764705884,43.3313373253493
330100905060007,172,88,0.5116279069767442,84,0.4883720930232558,43.80952380952381,43.78779069767442
330100905060008,326,212,0.6503067484662577,114,0.3496932515337423,48.92857142857143,46.421779141104295
330100905060009,396,230,0.5808080808080808,166,0.41919191919191917,40.97560975609756,42.042929292929294
330100905060012,348,193,0.5545977011494253,155,0.4454022988505747,40.483870967741936,38.80603448275862
330100905060014,287,161,0.5609756097560976,126,0.43902439024390244,50.68627450980392,46.400696864111495
330100905060016,309,177,0.5728155339805825,132,0.42718446601941745,43.47222222222222,42.726537216828476
330100905060017,384,186,0.484375,198,0.515625,48.19444444444444,45.580729166666664
330100905060018,NA,NA,NA,NA,NA,NA,NA
330100905060019,291,166,0.570446735395189,125,0.42955326460481097,49.125,46.450171821305844
330100905060020,498,272,0.5461847389558233,226,0.4538152610441767,49.10714285714286,46.16465863453815
330100905060021,350,234,0.6685714285714286,116,0.3314285714285714,47.567567567567565,46.98275862068966
330100905060022,214,121,0.5654205607476636,93,0.43457943925233644,55.39473684210526,51.194835680751176
330100905060023,380,209,0.55,171,0.45,40.90909090909091,40.96842105263158
330100905060024,319,170,0.5329153605015674,149,0.4670846394984326,46.89189189189189,44.86520376175549
330100905060025,425,227,0.5341176470588235,198,0.46588235294117647,33.9873417721519,34.67176470588235
330100905060026,292,168,0.5753424657534246,124,0.4246575342465753,42.42424242424242,41.64554794520548
330100905060027,388,216,0.5567010309278351,172,0.44329896907216493,46.607142857142854,44.384020618556704
330100905060030,553,301,0.5443037974683544,252,0.45569620253164556,24.67857142857143,27.812839059674502
330100905060031,512,295,0.576171875,217,0.423828125,38.08988764044944,40.1650390625
330100905060032,492,249,0.5060975609756098,243,0.49390243902439024,25.217391304347824,27.60569105691057
330100905060033,173,93,0.5375722543352601,80,0.4624277456647399,23.653846153846153,28.095375722543352
330100905060034,412,224,0.5436893203883495,188,0.4563106796116505,39.54545454545455,39.60436893203884
330100905060035,529,295,0.55765595463138,234,0.44234404536862004,42.756410256410255,41.84404536862004
330100905060036,436,251,0.5756880733944955,185,0.4243119266055046,43.77777777777778,41.772935779816514
330100905060037,354,186,0.5254237288135594,168,0.4745762711864407,42.78688524590164,41.529661016949156
330100905060038,468,248,0.5299145299145299,220,0.4700854700854701,43.013698630136986,41.59188034188034
330100905060043,428,229,0.5350467289719626,199,0.4649532710280374,43.55555555555556,42.5677570093458
330100905060044,584,308,0.5273972602739726,276,0.4726027397260274,41.34020618556701,39.78167808219178
330100905060046,377,223,0.5915119363395226,154,0.40848806366047746,38.75,39.16445623342175
330100905060047,468,271,0.5790598290598291,197,0.42094017094017094,40.985915492957744,40.33119658119658
330100905060048,127,68,0.5354330708661418,59,0.4645669291338583,26.73076923076923,29.72047244094488
330100905060049,133,67,0.5037593984962406,66,0.49624060150375937,42.166666666666664,39.943609022556394
330100905060053,562,295,0.5249110320284698,267,0.4750889679715303,45.14563106796116,42.94750889679715
330100905060056,397,211,0.5314861460957179,186,0.46851385390428213,37.549019607843135,37.90176322418136
330100905060057,866,439,0.5069284064665127,427,0.4930715935334873,41.86991869918699,41.546189376443415
330100905060058,392,214,0.5459183673469388,178,0.45408163265306123,43.65384615384615,42.68494897959184
330100905060059,562,288,0.5124555160142349,274,0.4875444839857651,45.16129032258065,44.18594306049822
330100905060060,968,512,0.5289256198347108,456,0.47107438016528924,25.394736842105264,28.100206611570247
330100905060061,670,342,0.5104477611940299,328,0.48955223880597015,23.223684210526315,26.171641791044777
330100905060063,736,392,0.532608695652174,344,0.4673913043478261,33.75,33.70448369565217
330100905060064,533,288,0.5403377110694184,245,0.4596622889305816,32.11538461538461,34.112570356472794
330100905060067,441,253,0.5736961451247166,188,0.42630385487528344,40.982142857142854,39.981859410430836
330100905060072,456,223,0.48903508771929827,233,0.5109649122807017,39.26470588235294,39.58991228070175
330100905060073,765,392,0.5124183006535947,373,0.4875816993464052,36.041666666666664,37.1797385620915
330100905060074,845,433,0.5124260355029586,412,0.48757396449704143,37.31060606060606,37.842603550295856
330100905060075,241,119,0.49377593360995853,122,0.5062240663900415,37.083333333333336,37.510373443983404
330100905060076,351,183,0.5213675213675214,168,0.47863247863247865,33.229166666666664,34.86182336182336
330100905060077,293,148,0.5051194539249146,145,0.4948805460750853,31.216216216216218,33.77303754266212
330100905060079,599,309,0.5158597662771286,290,0.48414023372287146,33.50574712643678,34.52170283806344
330100905060080,497,250,0.5030181086519114,247,0.4969818913480885,32.10227272727273,33.34708249496982
330100905060081,373,212,0.5683646112600537,161,0.4316353887399464,45.3,43.81367292225201
330100905060083,522,275,0.5268199233716475,247,0.4731800766283525,36.77777777777778,37.20593869731801
330100905060084,456,254,0.5570175438596491,202,0.44298245614035087,35.47945205479452,35.52850877192982
330100905060086,549,298,0.5428051001821493,251,0.45719489981785066,37.03389830508475,36.52276867030965
330100905060087,233,131,0.5622317596566524,102,0.43776824034334766,42.5,40.427038626609445
330100905060091,272,150,0.5514705882352942,122,0.4485294117647059,28.333333333333332,30.751838235294116
330100905060092,201,109,0.5422885572139303,92,0.4577114427860697,35.39473684210526,34.54477611940298
330100905060094,118,69,0.5847457627118644,49,0.4152542372881356,37.5,36.16949152542373
330100905060095,845,437,0.5171597633136095,408,0.48284023668639053,29.823943661971832,31.21715976331361
330100905060098,151,90,0.5960264900662252,61,0.40397350993377484,38.166666666666664,41.9271523178808
330100905060100,810,413,0.5098765432098765,397,0.4901234567901235,30.32,31.86111111111111
330100905060101,149,89,0.5973154362416108,60,0.40268456375838924,55,49.53741496598639
330100905060102,583,312,0.5351629502572899,271,0.4648370497427101,37.247191011235955,36.05831903945111
330100905060103,293,160,0.5460750853242321,133,0.4539249146757679,43.38709677419355,44.09726962457338
330100905060104,751,404,0.5379494007989347,347,0.4620505992010652,36.17424242424242,34.26364846870839
330100905060105,1060,554,0.5226415094339623,506,0.47735849056603774,34.82954545454545,34.63867924528302
330100905060106,595,331,0.5563025210084034,264,0.4436974789915966,39.62765957446808,38.108403361344536
330100905060107,385,212,0.5506493506493506,173,0.44935064935064933,42.583333333333336,41.797402597402595
330100905060108,499,267,0.5350701402805611,232,0.4649298597194389,38.35714285714286,38.44188376753507
330100905060109,473,256,0.5412262156448203,217,0.4587737843551797,37.45,39.41860465116279
330100905060110,458,241,0.5262008733624454,217,0.4737991266375546,40.5,39.717248908296945
330100905060112,394,203,0.5152284263959391,191,0.4847715736040609,44.31372549019608,40.56091370558376
330100905060113,686,356,0.5189504373177842,330,0.48104956268221577,40,36.84548104956268
330100905060115,350,191,0.5457142857142857,159,0.4542857142857143,31.70212765957447,31.057142857142857
330100905060116,313,164,0.5239616613418531,149,0.476038338658147,31.117021276595743,30.736421725239616
330100905060117,315,152,0.48253968253968255,163,0.5174603174603175,31.54255319148936,31.046031746031748
330100905060118,384,200,0.5208333333333334,184,0.4791666666666667,30.43103448275862,28.84375
330100905060119,382,195,0.5104712041884817,187,0.4895287958115183,31.363636363636363,29.962041884816752
330100905060120,360,193,0.5361111111111111,167,0.4638888888888889,31.71171171171171,31.95277777777778
330100905060121,381,197,0.5170603674540682,184,0.48293963254593175,38.214285714285715,36.08136482939633
330100905060122,751,372,0.49533954727030627,379,0.5046604527296937,33.663101604278076,31.905459387483354
330100905060125,966,512,0.5300207039337475,454,0.4699792960662526,25.301204819277107,28.553312629399585
330100905060126,143,74,0.5174825174825175,69,0.4825174825174825,48.611111111111114,43.17132867132867
330100905060127,71,38,0.5352112676056338,33,0.4647887323943662,35.714285714285715,31.772058823529413
330100905060128,416,214,0.5144230769230769,202,0.4855769230769231,32.46376811594203,29.97596153846154
330100905060129,610,302,0.49508196721311476,308,0.5049180327868853,33.30357142857143,29.402459016393443
330100905060130,NA,NA,NA,NA,NA,NA,NA
330100905060131,607,331,0.5453047775947282,276,0.4546952224052718,33.922413793103445,33.74052718286656
330100905060133,577,319,0.5528596187175043,258,0.44714038128249567,28.221153846153847,30.9263431542461
330100905060135,680,358,0.5264705882352941,322,0.47352941176470587,35.75471698113208,34.60294117647059
330100905060136,385,204,0.5298701298701298,181,0.4701298701298701,33.764044943820224,30.788311688311687
330100905060138,476,270,0.5672268907563025,206,0.4327731092436975,38.24561403508772,37.679621848739494
330100905060140,578,291,0.5034602076124568,287,0.49653979238754326,30.673076923076923,31.883217993079583
330100905060141,28,14,0.5,14,0.5,30,33.27272727272727
330100905060142,177,89,0.5028248587570622,88,0.4971751412429379,44.791666666666664,45.1045197740113
330100905060143,432,231,0.5347222222222222,201,0.4652777777777778,50.27777777777778,47.063657407407405
330100905060144,291,161,0.5532646048109966,130,0.44673539518900346,41.52777777777778,40.62199312714777
330100905060145,579,313,0.540587219343696,266,0.459412780656304,38.40163934426229,39.30051813471503
330100905060146,277,151,0.5451263537906137,126,0.4548736462093863,33.166666666666664,35.624548736462096
330100905060148,456,234,0.5131578947368421,222,0.4868421052631579,39.85714285714286,39.1578947368421
330100905060150,386,214,0.5544041450777202,172,0.44559585492227977,26.627906976744185,28.231865284974095
330100905060151,389,202,0.519280205655527,187,0.480719794344473,23.175675675675677,27.033419023136247
330100905060152,615,315,0.5121951219512195,300,0.4878048780487805,26.25,28.33089430894309
330100905060153,497,276,0.5553319919517102,221,0.44466800804828976,34.25675675675676,34.90945674044266
330100905060154,258,135,0.5232558139534884,123,0.47674418604651164,38.85714285714286,39.28875968992248
330100905060155,583,314,0.5385934819897084,269,0.4614065180102916,25.637254901960784,28.67753001715266
330100905060156,550,288,0.5236363636363637,262,0.4763636363636364,29.833333333333332,30.384545454545453
330100905060157,434,209,0.4815668202764977,225,0.5184331797235023,29.305555555555557,31.19815668202765
330100905060158,116,62,0.5344827586206896,54,0.46551724137931033,26.81818181818182,29.94396551724138
330100905060159,211,99,0.46919431279620855,112,0.5308056872037915,23.5,24.78436018957346
330100905060160,106,62,0.5849056603773585,44,0.41509433962264153,26.666666666666668,26.92452830188679
330100905060161,475,234,0.4926315789473684,241,0.5073684210526316,27.865853658536587,29.352631578947367
330100905060162,403,207,0.5136476426799007,196,0.48635235732009924,26.583333333333332,28.23076923076923
330100905060163,379,191,0.503957783641161,188,0.49604221635883905,23.71212121212121,25.277044854881268
330100905060164,557,296,0.5314183123877917,261,0.46858168761220825,22.621951219512194,26.879712746858168
330100905060167,229,125,0.5458515283842795,104,0.45414847161572053,33.18181818181818,35.03930131004367
330100905060168,404,210,0.5198019801980198,194,0.4801980198019802,37.87234042553192,37.897277227722775
330100905060169,332,180,0.54216867469879515,152,0.4578313253012048,44.75,43.39156626506024
330100905060170,298,161,0.540268456375839,137,0.4597315436241611,50.8,46.10906040268456
330100905060172,387,197,0.5090439276485789,190,0.4909560723514212,37.84090909090909,38.179586563307495
330100905060173,254,134,0.5275590551181102,120,0.47244094488188976,38.69565217391305,36.604330708661415
330100905060175,633,344,0.5434439178515008,289,0.4565560821484992,40.324074074074076,38.95734597156398
330100905060176,211,124,0.5876777251184834,87,0.41232227488151657,47.205882352941174,47.05924170616114
330100905060179,319,155,0.48589341692789967,164,0.5141065830721003,39.375,41.85423197492163
330100905060180,378,201,0.5317460317460317,177,0.46825396825396826,43.63636363636364,43.08994708994709
330100905060181,366,208,0.5683060109289617,158,0.43169398907103823,42.55813953488372,41.39617486338798
330100905060182,313,180,0.5750798722044729,133,0.4249201277955272,40.77777777777778,40.46964856230032
330100905060183,72,35,0.4861111111111111,37,0.5138888888888888,60.294117647058826,56.992753623188406
330100905060184,529,276,0.5217391304347826,253,0.4782608695652174,36.13970588235294,37.252362948960304
330100905060185,257,139,0.5408560311284046,118,0.4591439688715953,38.84615384615385,39.24124513618677
330100905060186,334,190,0.5688622754491018,144,0.4311377245508982,37.3170731707317,38.58832335329341
330100905060187,392,217,0.5535714285714286,175,0.44642857142857145,46.30434782608695,43.15561224489796
330100905060188,292,166,0.5684931506849316,126,0.4315068493150685,46.05263157894737,44.2791095890411
330100905060189,461,229,0.4967462039045553,232,0.5032537960954447,31.541666666666668,31.504338394793926
330100905060190,326,192,0.588957055214724,134,0.4110429447852761,40.44776119402985,38.25613496932515
330100905060191,304,148,0.4868421052631579,156,0.5131578947368421,43.859649122807014,42.13651315789474
330100905060192,436,239,0.5481651376146789,197,0.4518348623853211,37.22222222222222,36.153669724770644
330100905060193,282,148,0.524822695035461,134,0.475177304964539,38.888888888888886,36.973404255319146
330100905060194,247,136,0.5506072874493927,111,0.4493927125506073,40.714285714285715,39.26720647773279
330100905060195,343,193,0.5626822157434402,150,0.43731778425655976,42.755102040816325,41.23032069970846
330100905060196,262,142,0.5419847328244275,120,0.4580152671755725,40.32258064516129,39.58206106870229
330100905060197,365,203,0.5561643835616439,162,0.4438356164383562,41.666666666666664,41.461643835616435
330100905060198,296,168,0.5675675675675675,128,0.43243243243243246,41.388888888888886,41.2972972972973
330100905060199,381,210,0.5511811023622047,171,0.44881889763779526,43.46153846153846,42.20997375328084
330100905060200,403,219,0.543424317617866,184,0.456575682382134,42.73809523809524,41.42679900744417
330100905060201,371,215,0.5795148247978437,156,0.42048517520215634,38.80434782608695,38.76684636118598
330100905060202,286,163,0.5699300699300699,123,0.43006993006993005,37.64705882352941,37.33216783216783
330100905060203,465,255,0.5483870967741935,210,0.45161290322580644,36.343283582089555,35.95591397849462
330100905060204,385,202,0.5246753246753246,183,0.4753246753246753,39.25531914893617,38.38181818181818
330100905060205,306,168,0.5490196078431373,138,0.45098039215686275,29.09090909090909,30.9281045751634
330100905060206,284,148,0.5211267605633803,136,0.4788732394366197,35.172413793103445,36.25704225352113
330100905060207,404,232,0.5742574257425742,172,0.42574257425742573,43.45454545454545,42.68564356435643
330100905060208,304,156,0.5131578947368421,148,0.4868421052631579,37.02127659574468,38.20723684210526
330100905060209,364,188,0.5164835164835165,176,0.4835164835164835,45.172413793103445,43.55769230769231
330100905060210,380,203,0.5342105263157895,177,0.46578947368421053,47.5,44.81184210526316
330100905060211,481,269,0.5592515592515592,212,0.4407484407484408,39.776119402985074,39.74532224532224
330100905060212,203,115,0.5665024630541872,88,0.43349753694581283,42.96875,42.004926108374384
330100905060213,341,183,0.5366568914956011,158,0.4633431085043988,40.714285714285715,41.00146627565982
330100905060214,283,152,0.5371024734982333,131,0.4628975265017668,43.970588235294116,41.96466431095406
330100905060215,349,195,0.5587392550143266,154,0.44126074498567336,45.833333333333336,44.49140401146132
330100905060216,299,166,0.5551839464882943,133,0.44481605351170567,41.59574468085106,40.23745819397993
330100905060217,391,203,0.5191815856777494,188,0.48081841432225064,30.36231884057971,31.50383631713555
330100905060218,453,227,0.5011037527593819,226,0.4988962472406181,35.916666666666664,35.61479028697572
330100905060219,568,314,0.5528169014084507,254,0.4471830985915493,40.116279069767444,40.48503521126761
330100905060220,69,41,0.5942028985507246,28,0.4057971014492754,57.72727272727273,53.61904761904762
330100905060221,138,76,0.5507246376811594,62,0.4492753623188406,30.6,36.303703703703704
330100905060222,366,219,0.5983606557377049,147,0.4016393442622951,42.592592592592595,42.40846994535519
330100905060223,515,283,0.5495145631067961,232,0.45048543689320386,42.848837209302324,40.7631067961165
330100905060224,581,336,0.5783132530120482,245,0.42168674698795183,36.44,36.06024096385542
330100905060225,435,233,0.535632183908046,202,0.46436781609195404,36.083333333333336,37.289655172413795
330100905060226,435,235,0.5402298850574713,200,0.45977011494252873,34.682539682539684,36.47816091954023
330100905060227,411,220,0.5352798053527981,191,0.46472019464720193,40.32608695652174,40.74695863746959
330100905060228,89,47,0.5280898876404494,42,0.47191011235955055,42.142857142857146,42.88823529411765
330100905060229,400,237,0.5925,163,0.4075,48.85245901639344,46.86125
330100905060230,258,150,0.5813953488372093,108,0.4186046511627907,47.5,45.91860465116279
330100905060232,380,199,0.5236842105263158,181,0.4763157894736842,29.86842105263158,28.558047493403695
330100905060233,375,205,0.5466666666666666,170,0.4533333333333333,29.464285714285715,29.252
330100905060234,322,166,0.515527950310559,156,0.484472049689441,37.5,38.94875776397515
330100905060235,497,272,0.5472837022132797,225,0.45271629778672035,44.27777777777778,42.16398390342052
330100905060236,289,148,0.5121107266435986,141,0.48788927335640137,36.91489361702128,36.32871972318339
330100905060237,488,256,0.5245901639344263,232,0.47540983606557374,43.44827586206897,41.80327868852459
330100905060238,224,120,0.5357142857142857,104,0.4642857142857143,39.375,39.995535714285715
330100905060239,381,233,0.6115485564304461,148,0.3884514435695538,39.45652173913044,40.971128608923884
330100905060240,637,326,0.5117739403453689,311,0.48822605965463106,34.56666666666666,34.050235478806904
330100905060241,651,352,0.5407066052227343,299,0.4592933947772657,33.627450980392155,34.34254992319509
330100905060242,373,212,0.5683646112600537,161,0.4316353887399464,39.90909090909091,39.896782841823054
330100905060243,124,65,0.5241935483870968,59,0.47580645161290325,52.857142857142854,48.36666666666667
330100905060244,189,97,0.5132275132275133,92,0.48677248677248675,37.065217391304344,39.32539682539682
330100905060245,254,123,0.484251968503937,131,0.515748031496063,38.97435897435898,38.718503937007874
330100905060247,NA,NA,NA,NA,NA,NA,NA
330100905060249,257,126,0.490272373540856,131,0.5097276264591439,28.61111111111111,31.723735408560312
330100905060250,156,86,0.5512820512820513,70,0.44871794871794873,28.823529411764707,30.641025641025642
330100905060251,278,157,0.564748201438849,121,0.4352517985611511,39.523809523809526,39.94244604316547
330100905060252,172,94,0.5465116279069767,78,0.45348837209302323,35,35.55232558139535
330100905060253,414,199,0.4806763285024155,215,0.5193236714975845,31.25,29.963768115942027
330100905060254,458,229,0.5,229,0.5,29,27.83187772925764
330100905060255,45,21,0.4666666666666667,24,0.5333333333333333,46.25,45.174418604651166
330100905060259,389,214,0.5501285347043702,175,0.4498714652956298,34.81132075471698,35.30719794344473
330100905060260,238,114,0.4789915966386555,124,0.5210084033613446,37.01754385964912,36.63865546218487
330100905060262,82,45,0.5487804878048781,37,0.45121951219512196,42.083333333333336,41.80246913580247
330100905060263,393,180,0.4580152671755725,213,0.5419847328244275,29.083333333333332,33.06361323155216
330100905060264,NA,NA,NA,NA,NA,NA,NA
330100905060265,227,112,0.4933920704845815,115,0.5066079295154186,33.18181818181818,34.47577092511013
330100905060266,137,69,0.5036496350364964,68,0.49635036496350365,32.25,33.18248175182482
330100905070001,70,36,0.5142857142857142,34,0.4857142857142857,43.125,42.68840579710145
330100905070002,238,110,0.46218487394957986,128,0.5378151260504201,39.67948717948718,42.08936170212766
330100905070004,50,24,0.48,26,0.52,52,50.458333333333336
330100905070006,419,269,0.6420047732696897,150,0.35799522673031026,43.5,44.94152744630072
330100905070007,430,246,0.5720930232558139,184,0.42790697674418604,44.61538461538461,43.70697674418604
330100905070009,484,268,0.5537190082644629,216,0.4462809917355372,42.333333333333336,43.103305785123965
330100905070010,186,104,0.5591397849462365,82,0.44086021505376344,49.333333333333336,46.89402173913044
330100905070013,230,130,0.5652173913043478,100,0.43478260869565216,44.054054054054056,42.8304347826087
330100905070014,272,158,0.5808823529411765,114,0.41911764705882354,47.17948717948718,46.036764705882355
330100905070017,287,155,0.5400696864111498,132,0.45993031358885017,40.86206896551724,41.646341463414636
330100905070018,373,198,0.5308310991957105,175,0.4691689008042895,42.4468085106383,42.37265415549598
330100905070019,337,171,0.5074183976261127,166,0.49258160237388726,44.20454545454545,43.58011869436202
330100905070020,373,200,0.5361930294906166,173,0.46380697050938335,41.34146341463415,41.861930294906166
330100905070022,275,149,0.5418181818181819,126,0.4581818181818182,42.96875,44.18681318681319
330100905070026,229,131,0.5720524017467249,98,0.4279475982532751,52.833333333333336,47.73580786026201
330100905070027,NA,NA,NA,NA,NA,NA,NA
330100905070028,482,248,0.5145228215767634,234,0.4854771784232365,45,43.44398340248963
330100905070029,332,170,0.5120481927710844,162,0.4879518072289157,36.666666666666664,37.49548192771084
330100905070030,254,134,0.5275590551181102,120,0.47244094488188976,43.125,43.93700787401575
330100905070033,431,235,0.5452436194895591,196,0.4547563805104408,38.95161290322581,40.19025522041763
330100905070036,255,142,0.5568627450980392,113,0.44313725490196076,44.80769230769231,43.3078431372549
330100905070037,457,245,0.5361050328227571,212,0.4638949671772429,43.297872340425535,43.461706783369806
330100905070038,521,292,0.5604606525911708,229,0.43953934740882916,42.82258064516129,42.25047984644914
330100905070039,410,233,0.5682926829268292,177,0.4317073170731707,45,44.234146341463415
330100905070042,395,222,0.5620253164556962,173,0.4379746835443038,43.13333333333333,41.61518987341772
330100905070043,154,94,0.6103896103896104,60,0.38961038961038963,44.285714285714285,42.425324675324674
330100905070044,465,243,0.5225806451612903,222,0.4774193548387097,25.045454545454547,27.15806451612903
330100905070045,104,51,0.49038461538461536,53,0.5096153846153846,26.363636363636363,30.245192307692307
330100905070046,84,47,0.5595238095238095,37,0.44047619047619047,34,36.61309523809524
330100905070047,465,269,0.578494623655914,196,0.421505376344086,41.22222222222222,41.201075268817206
330100905070049,345,187,0.5420289855072464,158,0.4579710144927536,46.3,44.39710144927536
330100905070050,529,298,0.5633270321361059,231,0.43667296786389415,38.64285714285714,38.93289224952741
330100905070052,505,273,0.5405940594059406,232,0.4594059405940594,45.14492753623188,44.06336633663366
330100905070054,509,282,0.5540275049115914,227,0.44597249508840864,40.94827586206897,41.146365422396855
330100905070056,394,214,0.5431472081218274,180,0.45685279187817257,43.54838709677419,41.31091370558376
330100905070057,652,354,0.5429447852760736,298,0.4570552147239264,40.27777777777778,39.37960122699386
330100905070059,336,188,0.5595238095238095,148,0.44047619047619047,44.81481481481482,42.132440476190474
330100905070061,539,298,0.5528756957328386,241,0.44712430426716143,45.763888888888886,43.82003710575139
330100905070063,321,172,0.5358255451713395,149,0.46417445482866043,46.30952380952381,44.18847352024922
330100905070065,608,332,0.5460526315789473,276,0.45394736842105265,44.75,42.78536184210526
330100905070066,174,80,0.45977011494252873,94,0.5402298850574713,39.523809523809526,38.804597701149426
330100905070068,209,114,0.5454545454545454,95,0.45454545454545453,35.57142857142857,37.260765550239235
330100905070069,384,218,0.5677083333333334,166,0.4322916666666667,41.851851851851855,41.231770833333336
330100905070071,564,305,0.5407801418439716,259,0.4592198581560284,40.8974358974359,41.18617021276596
330100905070073,387,220,0.5684754521963824,167,0.4315245478036176,37.89156626506024,38.184754521963825
330100905070074,488,266,0.5450819672131147,222,0.45491803278688525,44.404761904761905,43.42110655737705
330100905070075,532,282,0.5300751879699248,250,0.4699248120300752,47.01492537313433,44.03195488721804
330100905070077,387,214,0.5529715762273901,173,0.4470284237726098,44.34426229508197,43.1937984496124
330100905070078,387,191,0.4935400516795866,196,0.5064599483204134,41.56716417910448,40.87080103359173
330100905070079,NA,NA,NA,NA,NA,NA,NA
330100905070080,443,238,0.5372460496613995,205,0.46275395033860045,39.91379310344828,38.82054176072235
330100905070081,858,437,0.5093240093240093,421,0.49067599067599066,34.3421052631579,32.72377622377623
330100905070083,804,428,0.5323383084577115,376,0.46766169154228854,39.52755905511811,40.9863184079602
330100905070086,572,294,0.513986013986014,278,0.486013986013986,28.49056603773585,32.12937062937063
330100905070089,578,300,0.5190311418685121,278,0.4809688581314879,40.816326530612244,39.903979238754324
330100905070098,807,419,0.5192069392812887,388,0.48079306071871125,32.543103448275865,34.188351920693925
330100905070099,284,150,0.528169014084507,134,0.47183098591549294,37.42857142857143,37.62852112676056
330100905070101,599,317,0.5292153589315526,282,0.4707846410684474,38.86904761904762,37.763772954924875
330100905070102,367,211,0.5749318801089919,156,0.4250681198910082,42.69230769230769,40.43460490463215
330100905070103,35,16,0.45714285714285713,19,0.5428571428571428,34.09090909090909,36.5
330100905070104,354,191,0.53954802259887,163,0.4604519774011299,36.140350877192986,37.28813559322034
330100905070106,556,290,0.5215827338129496,266,0.4784172661870504,40.46296296296296,38.131294964028775
330100905070107,396,207,0.5227272727272727,189,0.4772727272727273,40.74074074074074,40.80808080808081
330100905070108,435,227,0.5218390804597701,208,0.4781609195402299,42.083333333333336,41.211494252873564
330100905070112,391,194,0.4961636828644501,197,0.5038363171355499,36.574074074074076,37.785166240409204
330100905070114,514,287,0.5583657587548638,227,0.44163424124513617,40.138888888888886,39.574902723735406
330100905070115,527,287,0.5445920303605313,240,0.45540796963946867,39.73214285714286,39.39563567362429
330100905070116,331,190,0.5740181268882175,141,0.4259818731117825,37.839506172839506,39.10422960725076
330100905070118,615,308,0.5008130081300813,307,0.4991869918699187,38.714285714285715,38.40325203252033
330100905070119,265,139,0.5245283018867924,126,0.47547169811320755,35.34090909090909,35.94150943396227
330100905070124,391,201,0.5140664961636828,190,0.4859335038363171,33.083333333333336,34.69309462915601
330100905070125,498,258,0.5180722891566265,240,0.4819277108433735,43.57142857142857,41.55722891566265
330100905070126,389,198,0.5089974293059126,191,0.4910025706940874,40.18072289156626,37.66838046272493
330100905070131,288,147,0.5104166666666666,141,0.4895833333333333,40.22727272727273,38.13194444444444
330100905070133,334,188,0.562874251497006,146,0.437125748502994,40.54054054054054,41.053892215568865
330100905070134,197,113,0.5736040609137056,84,0.4263959390862944,46.029411764705884,45.82051282051282
330100905070136,322,184,0.5714285714285714,138,0.42857142857142855,44.54545454545455,43.13819875776397
330100905070137,706,392,0.5552407932011332,314,0.4447592067988669,37.59615384615385,38.41218130311615
330100905070140,355,192,0.5408450704225352,163,0.4591549295774648,43.83720930232558,42.65211267605634
330100905070141,313,170,0.5431309904153354,143,0.45686900958466453,39.8780487804878,40.90095846645367
330100905070142,474,264,0.5569620253164557,210,0.4430379746835443,38.714285714285715,38.04957805907173
330100905070143,384,201,0.5234375,183,0.4765625,42.15686274509804,40.677083333333336
330100905070144,652,360,0.5521472392638037,292,0.44785276073619634,38.369565217391305,38.08052147239264
330100905070145,419,224,0.5346062052505967,195,0.46539379474940334,42.95454545454545,41.463007159904535
330100905070146,547,302,0.5521023765996343,245,0.44789762340036565,37.35,39.086837294332724
330100905070147,382,212,0.5549738219895288,170,0.44502617801047123,45.76923076923077,43.75261780104712
330100905070148,514,260,0.5058365758754864,254,0.49416342412451364,41.59090909090909,40.83852140077821
330100905070150,602,316,0.5249169435215947,286,0.4750830564784053,40.22222222222222,39.49169435215947
330100905070151,485,263,0.5422680412371134,222,0.4577319587628866,39.20731707317073,40.08659793814433
330100905070152,165,87,0.5272727272727272,78,0.4727272727272727,24.82142857142857,28.10909090909091
330100905070153,46,19,0.41304347826086957,27,0.5869565217391305,41.81818181818182,39.845238095238095
330100905070155,1141,558,0.4890446976336547,583,0.5109553023663453,32.98672566371681,32.3851884312007
330100905070156,1029,517,0.5024295432458697,512,0.4975704567541302,33.96634615384615,33.68707482993197
330100905070160,358,194,0.5418994413407822,164,0.4581005586592179,30.416666666666668,31.110335195530727
330100905070162,645,340,0.5271317829457365,305,0.4728682170542636,32.65217391304348,33.14883720930233
330100905070164,520,294,0.5653846153846154,226,0.4346153846153846,31.77304964539007,29.890384615384615
330100905070165,410,204,0.4975609756097561,206,0.5024390243902439,31.643835616438356,32.0390243902439
330100905070167,422,211,0.5,211,0.5,34.270833333333336,34.15165876777251
330100905070168,396,223,0.5631313131313131,173,0.43686868686868685,52.95774647887324,48.15530303030303
330100905070169,593,292,0.4924114671163575,301,0.5075885328836425,38.855421686746986,37.81450252951096
330100905070171,238,133,0.5588235294117647,105,0.4411764705882353,51.55555555555556,46.4936974789916
330100905070172,385,216,0.561038961038961,169,0.43896103896103894,45.763888888888886,44.00909090909091
330100905070173,586,321,0.5477815699658704,265,0.4522184300341297,39.480519480519476,38.41467576791809
330100905070174,326,178,0.5460122699386503,148,0.4539877300613497,46.19047619047619,42.93098159509202
330100905070175,369,182,0.4932249322493225,187,0.5067750677506775,41.31578947368421,40.476964769647694
330100905070176,303,155,0.5115511551155115,148,0.4884488448844885,46.77777777777778,44.445544554455445
330100905070177,377,205,0.5437665782493368,172,0.4562334217506631,34.017857142857146,35.47082228116711
330100905070178,242,126,0.5206611570247934,116,0.4793388429752066,46.666666666666664,45.09297520661157
330100905070179,303,176,0.5808580858085809,127,0.41914191419141916,39.65909090909091,39.49009900990099
330100905070180,480,258,0.5375,222,0.4625,38.369565217391305,39.36145833333333
330100905070182,248,139,0.5604838709677419,109,0.43951612903225806,44.82142857142857,43.409274193548384
330100905070183,276,139,0.5036231884057971,137,0.4963768115942029,40,38.79528985507246
330100905070184,473,257,0.5433403805496829,216,0.45665961945031713,41,40.49154334038055
330100905070185,456,241,0.5285087719298246,215,0.47149122807017546,46.666666666666664,44.57017543859649
330100905070186,558,289,0.517921146953405,269,0.482078853046595,36.224489795918366,34.94713261648746
330100905070187,589,344,0.5840407470288624,245,0.4159592529711375,35.96153846153846,37.17572156196944
330100905070188,404,221,0.5470297029702971,183,0.452970297029703,49.074074074074076,46.663366336633665
330100905070190,654,357,0.5458715596330275,297,0.4541284403669725,35.714285714285715,36.419724770642205
330100905070191,442,243,0.5497737556561086,199,0.4502262443438914,43.60655737704918,42.695701357466064
330100905070192,305,175,0.5737704918032787,130,0.4262295081967213,44.85294117647059,43.47377049180328
330100905070193,432,234,0.5416666666666666,198,0.4583333333333333,38.225806451612904,40.320601851851855
330100905070194,54,33,0.6111111111111112,21,0.3888888888888889,58.57142857142857,52.98
330100905070195,430,224,0.5209302325581395,206,0.4790697674418605,39.27272727272727,37.54767441860465
330100905070196,497,258,0.5191146881287726,239,0.48088531187122735,37.720588235294116,35.978873239436616
330100905070197,579,314,0.542314335060449,265,0.45768566493955093,36.1328125,35.46373056994819
330100905070198,422,233,0.5521327014218009,189,0.44786729857819907,40.625,40.132701421800945
330100905070199,496,261,0.5262096774193549,235,0.4737903225806452,36.96629213483146,36.57963709677419
330100905070200,832,416,0.5,416,0.5,31.67883211678832,32.49158653846154
330100905070201,495,259,0.5232323232323233,236,0.4767676767676768,33.02547770700637,30.656565656565657
330100905070202,962,505,0.524948024948025,457,0.47505197505197505,31.74074074074074,29.414241164241165
330100905070203,541,262,0.48428835489833644,279,0.5157116451016636,31.131386861313867,30.24029574861368
330100905070204,623,340,0.5457463884430177,283,0.45425361155698235,34.84375,35.58266452648475
330100905070205,568,307,0.5404929577464789,261,0.4595070422535211,38.333333333333336,37.94630281690141
330100905070206,162,85,0.5246913580246914,77,0.47530864197530864,32.77777777777778,32.68518518518518
330100905070207,704,362,0.5142045454545454,342,0.48579545454545453,33.607594936708864,31.93465909090909
330100905070208,378,212,0.5608465608465608,166,0.43915343915343913,42.5,42.58994708994709
330100905070209,789,433,0.5487959442332065,356,0.4512040557667934,36.415929203539825,37.243979721166035
330100905070210,645,337,0.5224806201550387,308,0.47751937984496123,21.89903846153846,24.030232558139534
330100905070213,472,239,0.5063559322033898,233,0.4936440677966102,35.921052631578945,33.876059322033896
330100905070214,51,27,0.5294117647058824,24,0.47058823529411764,47,45.170212765957444
330100905070215,187,84,0.44919786096256686,103,0.5508021390374331,38,36.8494623655914
330100905070216,279,144,0.5161290322580645,135,0.4838709677419355,31.097560975609756,33.041218637992834
330100905070217,632,344,0.5443037974683544,288,0.45569620253164556,35.59322033898305,36.574367088607595
330100905070218,521,274,0.525911708253359,247,0.4740882917466411,31.850649350649352,30.10268714011516
330100905070219,394,214,0.5431472081218274,180,0.45685279187817257,40,41.642131979695435
330100905070221,46,26,0.5652173913043478,20,0.43478260869565216,52.5,51.27272727272727
330100905070222,145,73,0.503448275862069,72,0.496551724137931,48.421052631578945,46.774647887323944
330100905070223,59,39,0.6610169491525424,20,0.3389830508474576,40,39.48148148148148
330100905070224,59,34,0.576271186440678,25,0.423728813559322,45.625,44.4537037037037
330100905070225,486,270,0.5555555555555556,216,0.4444444444444444,39.71830985915493,39.208847736625515
330100905070226,491,246,0.5010183299389002,245,0.4989816700610998,41.15384615384615,41.336048879837065
330100905070227,786,427,0.5432569974554707,359,0.45674300254452926,25.6875,28.71564885496183
330100905070228,992,517,0.5211693548387096,475,0.4788306451612903,23.253012048192772,26.838205645161292
330100905070229,836,465,0.55622009569378,371,0.4437799043062201,23.666666666666668,27.111244019138756
330100905070230,739,401,0.5426251691474966,338,0.45737483085250336,24.040697674418603,28.056833558863328
330100905070231,423,216,0.5106382978723404,207,0.48936170212765956,26.907894736842106,29.38534278959811
330100905070232,104,52,0.5,52,0.5,30,29.509615384615383
330100905070233,762,412,0.5406824146981627,350,0.45931758530183725,25.306122448979593,29.026246719160106
330100905070234,454,228,0.5022026431718062,226,0.4977973568281938,39.859154929577464,39.47466960352423
330100905070237,237,134,0.5654008438818565,103,0.4345991561181435,48.67647058823529,46.03586497890296
330100905070238,366,206,0.5628415300546448,160,0.4371584699453552,42.083333333333336,42.05874316939891
330100905070239,150,86,0.5733333333333334,64,0.4266666666666667,50.38461538461539,46.233333333333334
330100905070240,199,121,0.6080402010050251,78,0.39195979899497485,42.708333333333336,43.37185929648241
330100905070241,541,303,0.5600739371534196,238,0.4399260628465804,45.75,44.335489833641404
330100905070242,289,152,0.5259515570934256,137,0.4740484429065744,47.5,43.46020761245675
330100905070244,512,260,0.5078125,252,0.4921875,33.10344827586207,34.8046875
330100905070245,460,243,0.5282608695652173,217,0.4717391304347826,39.11392405063291,39.59239130434783
330100905070246,194,106,0.5463917525773195,88,0.4536082474226804,46.34146341463415,44.80927835051546
330100905070247,613,327,0.533442088091354,286,0.466557911908646,31.666666666666668,33.42659053833605
330100905070248,321,185,0.5763239875389408,136,0.4236760124610592,33.611111111111114,33.81308411214953
330100905070249,481,265,0.5509355509355509,216,0.4490644490644491,32.81954887218045,31.156964656964657
330100905070250,225,126,0.56,99,0.44,40.319148936170215,37.49111111111111
330100905070251,354,193,0.5451977401129944,161,0.4548022598870056,32.13333333333333,33.005649717514125
330100905070252,547,296,0.5411334552102377,251,0.45886654478976235,30.032894736842106,28.96709323583181
330100905070253,460,240,0.5217391304347826,220,0.4782608695652174,30.66176470588235,29.347826086956523
330100905070254,334,180,0.5389221556886228,154,0.46107784431137727,31.485148514851485,29.853293413173652
330100905070255,42,17,0.40476190476190477,25,0.5952380952380952,47,47.0735294117647
330100905070257,319,167,0.5235109717868338,152,0.47648902821316613,33.40909090909091,32.23040752351097
330100905070258,429,241,0.5617715617715617,188,0.4382284382284382,34.464285714285715,34.6025641025641
330100905070259,420,229,0.5452380952380952,191,0.45476190476190476,31.86046511627907,32.47380952380952
330100905070262,192,107,0.5572916666666666,85,0.4427083333333333,54,49.614583333333336
330100905070264,264,150,0.5681818181818182,114,0.4318181818181818,44.883720930232556,44.066287878787875
330100905070265,387,146,0.3772609819121447,241,0.6227390180878553,43.08139534883721,43.96493506493506
330100905070266,101,53,0.5247524752475248,48,0.4752475247524752,39.0625,40.76262626262626
330100905070267,210,116,0.5523809523809524,94,0.44761904761904764,43.18181818181818,43.46190476190476
330100905070268,427,243,0.5690866510538641,184,0.4309133489461358,49.705882352941174,46.26580796252927
330100905070269,250,140,0.56,110,0.44,46.666666666666664,44.278
330100905070270,343,196,0.5714285714285714,147,0.42857142857142855,47.410714285714285,45.309037900874635
330100905070271,232,134,0.5775862068965517,98,0.4224137931034483,42.30769230769231,42.82327586206897
330100905070272,386,197,0.5103626943005182,189,0.4896373056994819,46.0377358490566,43.82772020725388
330100905070273,207,115,0.5555555555555556,92,0.4444444444444444,47.04545454545455,45.268115942028984
330100905070274,201,106,0.527363184079602,95,0.472636815920398,52.76315789473684,47.985074626865675
330100905070275,589,323,0.5483870967741935,266,0.45161290322580644,36.422413793103445,38.44312393887946
330100905070276,264,151,0.571969696969697,113,0.42803030303030304,34.34782608695652,34.86363636363637
330100905070277,342,198,0.5789473684210527,144,0.42105263157894735,43.333333333333336,42.43567251461988
330100905070278,253,142,0.5612648221343873,111,0.43873517786561267,44.55882352941177,42.25691699604743
330100905070279,127,68,0.5354330708661418,59,0.4645669291338583,33.28125,31.548
330100905070280,140,74,0.5285714285714286,66,0.4714285714285714,35.75757575757576,34.642857142857146
330100905070281,129,78,0.6046511627906976,51,0.3953488372093023,35.370370370370374,34.28294573643411
330100905070283,207,119,0.5748792270531401,88,0.4251207729468599,32.361111111111114,31.582926829268292
330100905070285,335,162,0.4835820895522388,173,0.5164179104477612,36.145833333333336,33.44776119402985
330100905070287,164,76,0.4634146341463415,88,0.5365853658536586,30.875,30.84355828220859
330100905070288,244,131,0.5368852459016393,113,0.46311475409836067,29.393939393939394,31.82377049180328
330100905070289,219,110,0.502283105022831,109,0.4977168949771689,31.440677966101696,29.707762557077626
330100905070290,216,119,0.5509259259259259,97,0.44907407407407407,32.3728813559322,31.16435185185185
330100905070291,156,73,0.46794871794871795,83,0.532051282051282,29.71153846153846,29.362745098039216
330100905070294,339,177,0.5221238938053098,162,0.4778761061946903,48.06818181818182,43.73893805309734
330100905070295,161,87,0.5403726708074534,74,0.45962732919254656,43.035714285714285,40.93478260869565
330100905070296,131,73,0.5572519083969466,58,0.44274809160305345,30.757575757575758,33.282442748091604
330100905070298,465,229,0.4924731182795699,236,0.5075268817204301,39.0625,38.9741935483871
330100905070299,212,129,0.6084905660377359,83,0.3915094339622642,46.55172413793103,45.29009433962264
330100905070300,278,161,0.579136690647482,117,0.420863309352518,47.64705882352941,44.388489208633096
330100905070301,366,210,0.5737704918032787,156,0.4262295081967213,43.07692307692308,42.75
330100905070302,245,127,0.5183673469387755,118,0.4816326530612245,48.42857142857143,45.638775510204084
330100905070303,241,136,0.5643153526970954,105,0.43568464730290457,45.3448275862069,43.15767634854772
330100905070304,345,186,0.5391304347826087,159,0.4608695652173913,43.490566037735846,42.95072463768116
330100905070305,435,231,0.5310344827586206,204,0.4689655172413793,45.67307692307692,42.98965517241379
330100905070306,374,207,0.553475935828877,167,0.446524064171123,44.92307692307692,43.1403743315508
330100905070307,155,77,0.4967741935483871,78,0.5032258064516129,36,32.16883116883117
330100905070308,326,162,0.49693251533742333,164,0.5030674846625767,41.904761904761905,41.09969325153374
330100905070309,377,197,0.5225464190981433,180,0.47745358090185674,45.520833333333336,42.673740053050395
330100905070310,344,184,0.5348837209302325,160,0.46511627906976744,44,42.542151162790695
330100905070311,237,134,0.5654008438818565,103,0.4345991561181435,42.794117647058826,41.09704641350211
330100905070312,429,236,0.5501165501165501,193,0.44988344988344986,41.8421052631579,41.18881118881119
330100905070313,281,145,0.5160142348754448,136,0.48398576512455516,33.648648648648646,34.620996441281136
330100905070314,363,171,0.47107438016528924,192,0.5289256198347108,34.710144927536234,34.7534435261708
330100905070315,219,118,0.5388127853881278,101,0.4611872146118721,33.19444444444444,33.5365296803653
330100905070316,230,126,0.5478260869565217,104,0.45217391304347826,42.64705882352941,41.94130434782609
330100905070317,342,181,0.5292397660818714,161,0.47076023391812866,38.1578947368421,37.69005847953216
330100905070318,299,169,0.5652173913043478,130,0.43478260869565216,38.80434782608695,38.86120401337793
330100905070319,420,218,0.5190476190476191,202,0.48095238095238096,38.44827586206897,38.55357142857143
330100905070320,82,43,0.524390243902439,39,0.47560975609756095,44.44444444444444,43.90625
330100905070321,282,166,0.5886524822695035,116,0.41134751773049644,42.093023255813954,42.10283687943262
330100905070322,204,111,0.5441176470588235,93,0.45588235294117646,37.2972972972973,39.38725490196079
330100905070323,236,141,0.597457627118644,95,0.4025423728813559,38.51851851851852,39.527542372881356
330100905070324,451,241,0.5343680709534369,210,0.4656319290465632,35.2247191011236,36.148558758314856
330100905070325,349,183,0.5243553008595988,166,0.47564469914040114,41.53061224489796,41.2836676217765
330100905070326,532,269,0.5056390977443609,263,0.4943609022556391,32.7710843373494,33.088345864661655
330100905070327,489,250,0.5112474437627812,239,0.4887525562372188,28.944444444444443,31.323108384458077
330100905070328,127,77,0.6062992125984252,50,0.3937007874015748,29.807692307692307,32.29133858267716
330100905070329,631,322,0.5103011093502378,309,0.4896988906497623,30.0531914893617,31.887480190174326
330100905070330,253,125,0.49407114624505927,128,0.5059288537549407,30.77777777777778,31.820158102766797
330100905070331,302,171,0.5662251655629139,131,0.4337748344370861,39.34782608695652,39.7317880794702
330100905070332,338,176,0.5207100591715976,162,0.47928994082840237,38,38.8801775147929
330100905070333,371,201,0.5417789757412399,170,0.4582210242587601,43.01724137931034,41.296495956873315
330100905070334,319,172,0.5391849529780565,147,0.4608150470219436,42.02127659574468,41.00626959247649
330100905070335,333,172,0.5165165165165165,161,0.48348348348348347,43.625,42.1951951951952
330100905070336,385,212,0.5506493506493506,173,0.44935064935064933,40.294117647058826,40.11818181818182
330100905070337,320,167,0.521875,153,0.478125,39.76744186046511,39.4875
330100905070338,308,170,0.551948051948052,138,0.44805194805194803,36.666666666666664,37.63636363636363
330100905070339,197,113,0.5736040609137056,84,0.4263959390862944,37.5,36.243654822335024
330100905070340,343,181,0.5276967930029155,162,0.47230320699708456,32.78846153846154,34.03935860058309
330100905070341,237,142,0.5991561181434599,95,0.4008438818565401,54.85294117647059,50.136170212765954
330100905070342,242,147,0.6074380165289256,95,0.3925619834710744,39.411764705882355,43.103305785123965
330100905070343,466,239,0.5128755364806867,227,0.4871244635193133,32.65822784810126,32.80472103004292
330100905070344,474,233,0.49156118143459915,241,0.5084388185654009,29.35185185185185,31.485232067510548
330100905070345,123,59,0.4796747967479675,64,0.5203252032520326,35,33.97154471544715
330100905070346,623,329,0.5280898876404494,294,0.47191011235955055,33.275862068965516,34.151685393258425
330100905070347,558,282,0.5053763440860215,276,0.4946236559139785,33.16326530612245,34.056451612903224
330100905070348,336,176,0.5238095238095238,160,0.47619047619047616,32.5,33.813988095238095
330100905070349,530,283,0.5339622641509434,247,0.4660377358490566,33.76470588235294,33.66981132075472
330100905070350,664,345,0.5195783132530121,319,0.48042168674698793,31.82608695652174,32.74246987951807
330100905070351,428,219,0.5116822429906542,209,0.4883177570093458,30.27027027027027,31.22196261682243
330100905070352,348,180,0.5172413793103449,168,0.4827586206896552,40.95238095238095,39.76005747126437
330100905070353,85,45,0.5294117647058824,40,0.47058823529411764,42.8125,39.10843373493976
330100905070354,468,264,0.5641025641025641,204,0.4358974358974359,41.891891891891895,41.24252136752137
330100905070355,263,141,0.5361216730038023,122,0.46387832699619774,36.916666666666664,37.72243346007605
330100905070356,285,149,0.5228070175438596,136,0.47719298245614034,34.875,35.771929824561404
330100905070357,472,246,0.5211864406779662,226,0.4788135593220339,31.6,33.753177966101696
330100905070358,242,136,0.5619834710743802,106,0.4380165289256198,40.303030303030305,39.743801652892564
330100905070359,337,178,0.5281899109792285,159,0.47181008902077154,37.767857142857146,37.13501483679525
330100905070360,348,198,0.5689655172413793,150,0.43103448275862066,44.44444444444444,42.41954022988506
330100905070361,247,123,0.4979757085020243,124,0.5020242914979757,39.125,39.030364372469634
330100905070362,196,96,0.4897959183673469,100,0.5102040816326531,38.82352941176471,39.214285714285715
330100905070363,252,144,0.5714285714285714,108,0.42857142857142855,43.48837209302326,41.867063492063494
330100905070364,325,173,0.5323076923076923,152,0.4676923076923077,45.79545454545455,43.792307692307695
330100905070365,401,229,0.571072319201995,172,0.428927680798005,38.125,40.04114713216958
330100905070366,159,87,0.5471698113207547,72,0.4528301886792453,40.208333333333336,41.245222929936304
330100905070367,280,149,0.5321428571428571,131,0.46785714285714286,44.5945945945946,42.72142857142857
330100905070368,206,105,0.5097087378640777,101,0.49029126213592233,42.4,42.41990291262136
330100905070369,372,196,0.5268817204301075,176,0.4731182795698925,42.264150943396224,41.87096774193548
330100905070370,280,150,0.5357142857142857,130,0.4642857142857143,45.806451612903224,43.29821428571429
330100905070371,327,183,0.5596330275229358,144,0.44036697247706424,42.5,41.64067278287462
330100905070372,381,197,0.5170603674540682,184,0.48293963254593175,41.145833333333336,40.15748031496063
330100905070373,441,214,0.4852607709750567,227,0.5147392290249433,36.483050847457626,35.69160997732426
330100905070374,205,106,0.5170731707317073,99,0.48292682926829267,40.45454545454545,40.795121951219514
330100905070375,400,205,0.5125,195,0.4875,38.214285714285715,38.37125
330100905070376,239,137,0.5732217573221757,102,0.42677824267782427,43.108108108108105,40.99372384937239
330100905070377,300,154,0.5133333333333333,146,0.4866666666666667,44.69387755102041,43.27
330100905070378,349,178,0.5100286532951289,171,0.4899713467048711,39.72222222222222,40.32091690544413
330100905070379,212,112,0.5283018867924528,100,0.4716981132075472,34.54545454545455,34.87028301886792
330100905070380,513,248,0.4834307992202729,265,0.5165692007797271,25.304878048780488,28.031189083820664
330100905070381,193,107,0.5544041450777202,86,0.44559585492227977,46.724137931034484,45.365284974093264
330100905070382,185,105,0.5675675675675675,80,0.43243243243243246,46.851851851851855,44.486486486486484
330100905070383,353,182,0.5155807365439093,171,0.48441926345609065,39,38.39943342776204
330100905070384,470,244,0.5191489361702127,226,0.4808510638297872,40.375,39.069148936170215
330100905070385,457,236,0.5164113785557987,221,0.48358862144420134,36.79775280898876,35.21006564551422
330100905070386,130,73,0.5615384615384615,57,0.43846153846153846,47.5,44.496153846153845
330100905070387,81,44,0.5432098765432098,37,0.4567901234567901,43,42.79746835443038
330100905070388,325,188,0.5784615384615385,137,0.42153846153846153,33.494623655913976,32.06307692307692
330100905070389,319,168,0.5266457680250783,151,0.47335423197492166,32.39495798319328,30.252351097178682
330100905070390,239,133,0.5564853556485355,106,0.4435146443514644,29.278846153846153,28.457805907172997
330100905070391,1209,634,0.5244003308519437,575,0.47559966914805624,35,34.84367245657568
330100905070393,79,33,0.4177215189873418,46,0.5822784810126582,48,41.62179487179487
330100905070394,182,86,0.4725274725274725,96,0.5274725274725275,40.714285714285715,39.16208791208791
330100905070395,166,90,0.54216867469879515,76,0.4578313253012048,40.90909090909091,38.28313253012048
330100905070396,308,159,0.5162337662337663,149,0.4837662337662338,35.88235294117647,36.297077922077925
330100905070397,315,176,0.5587301587301587,139,0.44126984126984126,42.55555555555556,41.11904761904762
330100905070398,447,258,0.5771812080536913,189,0.4228187919463087,42.05357142857143,41.07494407158837
330100905070399,117,57,0.48717948717948717,60,0.5128205128205128,39.34782608695652,41.14529914529915
330100905070400,336,189,0.5625,147,0.4375,45.88235294117647,43.60565476190476
330100905070401,299,172,0.5752508361204013,127,0.42474916387959866,41.92307692307692,42.1505016722408
330100905070402,390,218,0.558974358974359,172,0.441025641025641,39.32203389830509,39.71025641025641
330100905070403,300,158,0.5266666666666666,142,0.47333333333333333,34.390243902439025,35.763333333333335
330100905070404,188,97,0.5159574468085106,91,0.48404255319148937,35.81395348837209,35.91755319148936
330100905070405,237,143,0.6033755274261603,94,0.39662447257383965,44.18918918918919,43.4662447257384
330100905070406,353,173,0.49008498583569404,180,0.509915014164306,35.92307692307692,34.38101983002833
330100905070407,31,13,0.41935483870967744,18,0.5806451612903226,36.25,34.369565217391305
330100905070408,351,179,0.50997150997151,172,0.49002849002849,32.12328767123287,31.628205128205128
330100905070409,NA,NA,NA,NA,NA,NA,NA
330100905070410,554,294,0.5306859205776173,260,0.4693140794223827,36.15384615384615,34.55054151624549
330100905070411,579,317,0.5474956822107081,262,0.4525043177892919,36.47959183673469,35.446459412780655
330100905070412,296,164,0.5540540540540541,132,0.44594594594594594,40.22222222222222,39.2820945945946
330100905070414,42,18,0.42857142857142855,24,0.5714285714285714,45.55555555555556,47.02777777777778
330100905070415,105,60,0.5714285714285714,45,0.42857142857142855,47.5,45.931372549019606
330100905070416,30,13,0.43333333333333335,17,0.5666666666666667,50,50.833333333333336
330100905070417,52,28,0.5384615384615384,24,0.46153846153846156,50.625,48.638297872340424
330100905070418,98,57,0.5816326530612245,41,0.41836734693877553,47.916666666666664,46.4
330100905070419,58,31,0.5344827586206896,27,0.46551724137931033,54.54545454545455,53.25
330100905070420,100,46,0.46,54,0.54,41.53846153846154,42.46
330100905070421,153,93,0.6078431372549019,60,0.39215686274509803,51.34615384615385,47.64052287581699
330100905070422,200,96,0.48,104,0.52,29.38679245283019,29.917085427135678
330100905070423,214,107,0.5,107,0.5,27.653061224489797,28.22429906542056
330100905070425,98,58,0.5918367346938775,40,0.40816326530612246,35.416666666666664,35.27040816326531
330100905070426,249,143,0.5742971887550201,106,0.42570281124497994,40.945945945945944,42.303212851405625
330100905070427,18,9,0.5,9,0.5,60.833333333333336,50.86363636363637
330100905070428,499,255,0.5110220440881763,244,0.48897795591182364,41.217948717948715,40.57114228456914
330100905070429,NA,NA,NA,NA,NA,NA,NA
330100905080001,214,119,0.5560747663551402,95,0.4439252336448598,42.1875,41.23831775700935
330100905080002,382,208,0.5445026178010471,174,0.45549738219895286,43.84615384615385,42.74083769633508
330100905080003,344,198,0.5755813953488372,146,0.42441860465116277,26.923076923076923,30.114825581395348
330100905080004,505,265,0.5247524752475248,240,0.4752475247524752,47.10526315789474,44.294059405940594
330100905080005,550,285,0.5181818181818182,265,0.4818181818181818,43.97260273972603,42.64
330100905080006,499,286,0.5731462925851704,213,0.42685370741482964,38.3125,39.399799599198396
330100905080007,502,255,0.5079681274900398,247,0.49203187250996017,42.5,41.78386454183267
330100905080009,409,213,0.5207823960880196,196,0.4792176039119804,38.125,37.17237163814181
330100905080010,396,212,0.5353535353535354,184,0.46464646464646464,41.320754716981135,40.66540404040404
330100905080011,638,363,0.5689655172413793,275,0.43103448275862066,36.89655172413793,36.96394984326019
330100905080012,465,269,0.578494623655914,196,0.421505376344086,42.5,41.131182795698926
330100905080013,499,273,0.5470941883767535,226,0.4529058116232465,45.763888888888886,43.40681362725451
330100905080016,411,216,0.5255474452554745,195,0.4744525547445255,44.416666666666664,42.91119221411192
330100905080017,289,156,0.5397923875432526,133,0.4602076124567474,38.5,37.78373702422145
330100905080018,283,136,0.48056537102473496,147,0.519434628975265,35.625,36.78975265017668
330100905080020,374,190,0.5080213903743316,184,0.4919786096256685,34.26229508196721,35.09090909090909
330100905080022,230,129,0.5608695652173913,101,0.4391304347826087,35.625,36.208695652173915
330100905080023,150,88,0.5866666666666667,62,0.41333333333333333,40,40.016666666666666
330100905080024,91,52,0.5714285714285714,39,0.42857142857142855,38.86363636363636,40.342696629213485
330100905080025,433,217,0.5011547344110855,216,0.49884526558891457,36.627906976744185,36.69399538106236
330100905080026,531,282,0.5310734463276836,249,0.4689265536723164,38.958333333333336,38.43596986817326
330100905080027,568,294,0.5176056338028169,274,0.4823943661971831,37.666666666666664,38.50528169014085
330100905080028,677,360,0.5317577548005908,317,0.46824224519940916,37.67857142857143,37.7082717872969
330100905080031,551,307,0.5571687840290381,244,0.44283121597096187,40.96153846153846,40.01633393829401
330100905080033,577,309,0.5355285961871751,268,0.464471403812825,38.52112676056338,37.798960138648184
330100905080036,530,292,0.5509433962264151,238,0.4490566037735849,35.6578947368421,36.591509433962266
330100905080039,450,226,0.5022222222222222,224,0.49777777777777776,38.730158730158735,38.967777777777776
330100905080040,594,317,0.5336700336700336,277,0.4663299663299663,35.18518518518518,35.17340067340067
330100905080041,680,365,0.5367647058823529,315,0.4632352941176471,39.45945945945946,38.35588235294118
330100905080042,742,386,0.5202156334231806,356,0.4797843665768194,31.428571428571427,32.956199460916444
330100905080043,836,437,0.5227272727272727,399,0.4772727272727273,34.765625,34.92344497607655
330100905080045,443,226,0.510158013544018,217,0.4898419864559819,37.857142857142854,38.15011286681715
330100905080046,460,245,0.532608695652174,215,0.4673913043478261,38.769230769230774,38.448913043478264
330100905080047,479,258,0.5386221294363257,221,0.4613778705636743,30.916666666666668,34.225469728601254
330100905080049,656,362,0.551829268292683,294,0.4481707317073171,33.46153846153846,34.95045731707317
330100905080050,568,295,0.5193661971830986,273,0.48063380281690143,38.93939393939394,38.041373239436616
330100905080052,666,350,0.5255255255255256,316,0.4744744744744745,39.382716049382715,38.936186186186184
330100905080053,367,192,0.5231607629427792,175,0.4768392370572207,42.589285714285715,40.677111716621255
330100905080054,608,310,0.5098684210526315,298,0.4901315789473684,35.6989247311828,35.85361842105263
330100905080055,561,285,0.5080213903743316,276,0.4919786096256685,41.80379746835443,38.30124777183601
330100905080056,336,176,0.5238095238095238,160,0.47619047619047616,40,39.20982142857143
330100905080057,546,281,0.5146520146520146,265,0.48534798534798534,36.16279069767442,35.57509157509158
330100905080059,607,330,0.5436573311367381,277,0.45634266886326197,38.6231884057971,37.85996705107084
330100905080062,563,294,0.522202486678508,269,0.477797513321492,39.92857142857143,39.14209591474245
330100905080063,570,313,0.5491228070175439,257,0.45087719298245615,38.85057471264368,38.84122807017544
330100905080064,384,206,0.5364583333333334,178,0.4635416666666667,35.471698113207545,36.381510416666664
330100905080065,369,187,0.5067750677506775,182,0.4932249322493225,39.90566037735849,39.60027100271003
330100905080067,415,214,0.5156626506024097,201,0.4843373493975904,29.12162162162162,32.29397590361446
330100905080068,210,115,0.5476190476190477,95,0.4523809523809524,35,36.92619047619048
330100905080069,463,243,0.5248380129589633,220,0.47516198704103674,33.9873417721519,34.83909287257019
330100905080070,65,31,0.47692307692307695,34,0.5230769230769231,40.666666666666664,36.225806451612904
330100905080072,541,286,0.5286506469500925,255,0.4713493530499076,37.6063829787234,38.14879852125693
330100905080073,434,234,0.5391705069124424,200,0.4608294930875576,33.37837837837838,34.96889400921659
330100905080074,503,272,0.5407554671968191,231,0.4592445328031809,33.56060606060606,34.17495029821074
330100905080075,479,257,0.5365344467640919,222,0.46346555323590816,32.63636363636363,35.242171189979125
330100905080076,842,443,0.5261282660332541,399,0.47387173396674587,24.195402298850574,27.72624703087886
330100905080079,581,293,0.504302925989673,288,0.49569707401032703,36.9078947368421,36.77969018932875
330100905080083,584,302,0.5171232876712328,282,0.4828767123287671,37.857142857142854,37.48373287671233
330100905080084,464,239,0.5150862068965517,225,0.4849137931034483,39.701492537313435,38.58620689655172
330100905080085,389,202,0.519280205655527,187,0.480719794344473,37.10526315789474,36.72622107969152
330100905080086,473,251,0.5306553911205074,222,0.4693446088794926,38.125,38.91754756871036
330100905080088,NA,NA,NA,NA,NA,NA,NA
330100905080089,576,304,0.5277777777777778,272,0.4722222222222222,40.57471264367816,39.067708333333336
330100905080090,517,269,0.5203094777562862,248,0.4796905222437137,39.274193548387096,38.552224371373306
330100905080091,562,292,0.5195729537366548,270,0.4804270462633452,42.8,41.338078291814945
330100905080092,593,295,0.4974704890387858,298,0.5025295109612141,36.68539325842697,37.08768971332209
330100905080093,525,280,0.5333333333333333,245,0.4666666666666667,35.48192771084337,36.54666666666667
330100905080095,496,288,0.5806451612903226,208,0.41935483870967744,35.51724137931035,36.753024193548384
330100905080098,662,327,0.49395770392749244,335,0.5060422960725075,33.07692307692308,34.34969788519638
330100905080100,464,263,0.5668103448275862,201,0.4331896551724138,26.41304347826087,30.25646551724138
330100905080101,959,530,0.5526590198123045,429,0.4473409801876955,25.645833333333332,28.898852971845674
330100905080103,418,225,0.5382775119617225,193,0.46172248803827753,35.26315789473684,35.99641148325359
330100905080104,489,257,0.5255623721881391,232,0.47443762781186094,33.984375,34.966257668711656
330100905080105,287,148,0.5156794425087108,139,0.4843205574912892,33.22222222222222,35.08710801393728
330100905080106,417,213,0.5107913669064749,204,0.4892086330935252,34.84126984126984,35.64028776978417
330100905080107,731,366,0.5006839945280438,365,0.4993160054719562,36.47959183673469,36.691518467852255
330100905080108,707,368,0.5205091937765205,339,0.4794908062234795,31.626506024096386,32.995756718528995
330100905080109,773,428,0.553686934023286,345,0.4463130659767141,33.4375,34.488357050452784
330100905080110,613,292,0.4763458401305057,321,0.5236541598694943,24.95967741935484,28.18026101141925
330100905080111,774,404,0.5219638242894057,370,0.4780361757105943,25.833333333333332,29.045219638242894
330100905080113,503,266,0.5288270377733598,237,0.4711729622266402,31.944444444444443,34.806163021868784
330100905080114,384,194,0.5052083333333334,190,0.4947916666666667,32.54545454545455,34.765625
330100905080119,629,324,0.5151033386327504,305,0.4848966613672496,24.595588235294116,28.46343402225755
330100905080120,831,432,0.51985559566787,399,0.48014440433212996,33.44961240310077,34.55294825511432
330100905080121,661,339,0.5128593040847201,322,0.48714069591527986,31.666666666666668,33.00302571860817
330100905080122,160,86,0.5375,74,0.4625,28.529411764705884,31.328125
330100905080123,NA,NA,NA,NA,NA,NA,NA
330100905080126,572,269,0.47027972027972026,303,0.5297202797202797,24.310344827586206,26.84090909090909
330100905080127,468,256,0.5470085470085471,212,0.452991452991453,41.791044776119406,40.56196581196581
330100905080128,619,337,0.5444264943457189,282,0.4555735056542811,40.35,38.54765751211632
330100905080129,428,235,0.5490654205607477,193,0.45093457943925236,37.755102040816325,37.929906542056074
330100905080130,515,275,0.5339805825242718,240,0.46601941747572817,35.564516129032256,36.37961165048544
330100905080131,589,321,0.5449915110356537,268,0.45500848896434637,32.91044776119403,34.73938879456706
330100905080132,739,379,0.5128552097428958,360,0.4871447902571042,31.61764705882353,33.17794316644114
330100905080135,354,180,0.5084745762711864,174,0.4915254237288136,35.08474576271186,35.38135593220339
330100905080137,726,375,0.5165289256198347,351,0.4834710743801653,30.5,32.976584022038566
330100905080138,273,149,0.5457875457875457,124,0.4542124542124542,30.714285714285715,33.06959706959707
330100905080139,883,482,0.5458663646659117,401,0.45413363533408835,31.39830508474576,32.96206115515289
330100905080142,312,133,0.42628205128205127,179,0.5737179487179487,37.659574468085104,37.118589743589745
330100905080143,248,141,0.5685483870967742,107,0.4314516129032258,47.5,44.854838709677416
330100905080144,505,252,0.499009900990099,253,0.500990099009901,42.45454545454545,41.33564356435644
330100905080145,318,166,0.5220125786163522,152,0.4779874213836478,36.38297872340426,37.47641509433962
330100905080147,553,287,0.5189873417721519,266,0.4810126582278481,33.125,34.629294755877034
330100905080148,514,270,0.5252918287937743,244,0.47470817120622566,37.868852459016395,36.530155642023345
330100905080149,391,222,0.5677749360613811,169,0.4322250639386189,42.232142857142854,40.5
330100905080152,433,240,0.5542725173210161,193,0.4457274826789838,39.73684210526316,40.2933025404157
330100905080153,413,217,0.5254237288135594,196,0.4745762711864407,34.910714285714285,35.81961259079903
330100905080154,376,199,0.5292553191489362,177,0.47074468085106386,38.333333333333336,38.03989361702128
330100905080155,330,176,0.5333333333333333,154,0.4666666666666667,34.35897435897436,35.71818181818182
330100905080156,890,477,0.5359550561797752,413,0.4640449438202247,40.05988023952096,37.74887640449438
330100905080157,300,144,0.48,156,0.52,35.58139534883721,36.376666666666665
330100905080158,340,171,0.5029411764705882,169,0.4970588235294118,40.256410256410255,40.57941176470588
330100905080159,633,330,0.5213270142180095,303,0.4786729857819905,35.88607594936709,36.682464454976305
330100905080161,574,315,0.5487804878048781,259,0.45121951219512196,32,33.88414634146341
330100905080163,94,51,0.5425531914893617,43,0.4574468085106383,39.375,38.909574468085104
330100905080164,NA,NA,NA,NA,NA,NA,NA
330100905080165,NA,NA,NA,NA,NA,NA,NA
330100905080166,NA,NA,NA,NA,NA,NA,NA
330100905080167,900,441,0.49,459,0.51,28.18181818181818,30.386666666666667
330100905080168,424,236,0.5566037735849056,188,0.44339622641509435,41.492537313432834,39.865566037735846
330100905080169,400,206,0.515,194,0.485,25.24390243902439,28.00625
330100905080170,206,118,0.5728155339805825,88,0.42718446601941745,45.3125,43.929611650485434
330100905080171,550,292,0.5309090909090909,258,0.4690909090909091,42.89855072463768,41.518181818181816
330100905080172,469,259,0.5522388059701493,210,0.44776119402985076,28.897058823529413,32.20042643923241
330100905080173,367,188,0.5122615803814714,179,0.4877384196185286,36.75925925925926,36.46866485013624
330100905080174,364,180,0.4945054945054945,184,0.5054945054945055,39.285714285714285,38.4271978021978
330100905080175,403,204,0.5062034739454094,199,0.49379652605459057,34.25,34.70347394540943
330100905080176,249,136,0.5461847389558233,113,0.4538152610441767,37.5,37.46586345381526
330100905080177,301,170,0.5647840531561462,131,0.43521594684385384,37.55813953488372,38.380398671096344
330100905080178,305,161,0.5278688524590164,144,0.4721311475409836,29.479166666666668,33.062295081967214
330100905080179,374,197,0.5267379679144385,177,0.4732620320855615,41.08108108108108,38.99465240641711
330100905080180,330,182,0.5515151515151515,148,0.4484848484848485,41.2,39.79242424242424
330100905080181,460,260,0.5652173913043478,200,0.43478260869565216,34.528301886792455,35.76086956521739
330100905080182,404,225,0.556930693069307,179,0.4430693069306931,39.83333333333333,40.17079207920792
330100905080183,369,203,0.5501355013550135,166,0.44986449864498645,37.421875,38.3739837398374
330100905080184,287,151,0.5261324041811847,136,0.4738675958188153,42.83783783783784,42.45644599303136
330100905080186,320,159,0.496875,161,0.503125,40.714285714285715,41.1609375
330100905080187,590,329,0.5576271186440678,261,0.4423728813559322,25.930232558139537,28.839830508474577
330100905080188,867,451,0.5201845444059977,416,0.4798154555940023,23.871951219512194,26.82295271049596
330100905080189,528,278,0.5265151515151515,250,0.4734848484848485,27.105263157894736,29.519886363636363
330100905080190,689,364,0.5283018867924528,325,0.4716981132075472,26.024590163934427,28.12989840348331
330100905080191,429,241,0.5617715617715617,188,0.4382284382284382,27.426470588235293,29.581585081585082
330100905080192,692,331,0.47832369942196534,361,0.5216763005780347,23.488372093023255,22.88222543352601
330100905080193,728,368,0.5054945054945055,360,0.4945054945054945,26.80327868852459,29.644917582417584
330100905080195,708,375,0.5296610169491526,333,0.4703389830508475,33.93162393162393,33.03319209039548
330100905080196,407,211,0.5184275184275184,196,0.48157248157248156,39.90384615384615,37.434889434889435
330100905080197,586,307,0.5238907849829352,279,0.4761092150170648,31.68831168831169,32.85665529010239
330100905080198,NA,NA,NA,NA,NA,NA,NA
330100905080199,587,330,0.5621805792163543,257,0.43781942078364566,24.43181818181818,28.43441226575809
330100905080200,562,292,0.5195729537366548,270,0.4804270462633452,33.84615384615385,34.821174377224196
330100905080201,600,314,0.5233333333333333,286,0.4766666666666667,32.666666666666664,33.7175
330100905080202,614,309,0.503257328990228,305,0.496742671009772,26.5,29.171824104234528
330100905080203,631,322,0.5103011093502378,309,0.4896988906497623,26.40909090909091,28.880348652931854
330100905080206,550,285,0.5181818181818182,265,0.4818181818181818,32.53333333333333,33.63272727272727
330100905080207,547,293,0.5356489945155393,254,0.4643510054844607,29.015151515151516,30.89762340036563
330100905080208,442,237,0.5361990950226244,205,0.4638009049773756,25.27777777777778,27.936651583710407
330100905080209,504,281,0.5575396825396826,223,0.44246031746031744,26.73913043478261,29.933531746031747
330100905080210,30,11,0.36666666666666664,19,0.6333333333333333,36.666666666666664,40.79545454545455
330100905080211,526,287,0.5456273764258555,239,0.4543726235741445,36.486486486486484,36.63973384030418
330100905080212,350,186,0.5314285714285715,164,0.4685714285714286,31.57894736842105,32.92142857142857
330100905080213,500,269,0.538,231,0.462,27.36111111111111,30.057
330100905080214,339,173,0.5103244837758112,166,0.4896755162241888,29.772727272727273,31.45575221238938
330100905080215,13,8,0.6153846153846154,5,0.38461538461538464,2.5,2.5
330100905080216,656,343,0.5228658536585366,313,0.4771341463414634,38.61538461538461,35.7782012195122
330100905080217,1236,671,0.5428802588996764,565,0.4571197411003236,25.34965034965035,27.22168284789644
330100905080218,984,526,0.5345528455284553,458,0.4654471544715447,25.217391304347824,28.685467479674795
330100905080220,519,303,0.5838150289017341,216,0.4161849710982659,38.05882352941177,38.225433526011564
330100905080221,762,401,0.526246719160105,361,0.473753280839895,26.53846153846154,29.045931758530184
330100905080222,35,19,0.5428571428571428,16,0.45714285714285713,56.875,54.91379310344828
330100905080223,14,9,0.6428571428571429,5,0.35714285714285715,48.333333333333336,56.7
330100905080224,658,347,0.5273556231003039,311,0.4726443768996961,26.6,29.27051671732523
330100905080226,NA,NA,NA,NA,NA,NA,NA
330100905080230,61,31,0.5081967213114754,30,0.4918032786885246,39.375,38.6271186440678
330100905080231,437,224,0.5125858123569794,213,0.4874141876430206,23.72641509433962,27.337528604118994
330100905080232,605,310,0.512396694214876,295,0.48760330578512395,27.357142857142858,29.836363636363636
330100905080234,502,254,0.5059760956175299,248,0.4940239043824701,31.73076923076923,29.433266932270918
330100905080235,537,297,0.553072625698324,240,0.44692737430167595,21.68918918918919,25.248603351955307
330100905080236,479,262,0.5469728601252609,217,0.453027139874739,23.480392156862745,27.08141962421712
330100905080237,566,299,0.5282685512367491,267,0.4717314487632509,25.27777777777778,27.24028268551237
330100905080238,232,114,0.49137931034482757,118,0.5086206896551724,34.11764705882353,34.72629310344828
330100905080239,581,300,0.5163511187607573,281,0.4836488812392427,25.848214285714285,27.780550774526677
330100905080241,572,295,0.5157342657342657,277,0.48426573426573427,44.38775510204081,43.02010489510489
330100905080243,569,288,0.5061511423550088,281,0.4938488576449912,32.71084337349397,33.9920913884007
330100905080244,406,209,0.5147783251231527,197,0.4852216748768473,36.666666666666664,36.3756157635468
330100905080245,572,306,0.534965034965035,266,0.46503496503496505,38.24742268041237,38.69318181818182
330100905080246,352,194,0.5511363636363636,158,0.44886363636363635,42.391304347826086,41.59801136363637
330100905080248,458,242,0.5283842794759825,216,0.47161572052401746,31.428571428571427,32.83733624454148
330100905080249,454,235,0.5176211453744494,219,0.48237885462555063,41,39.86013215859031
330100905080250,353,194,0.5495750708215298,159,0.45042492917847027,41.19718309859155,40.03257790368272
330100905080251,280,137,0.48928571428571427,143,0.5107142857142857,37.82608695652174,38.073214285714286
330100905080252,217,116,0.5345622119815668,101,0.46543778801843316,38.65384615384615,37.882488479262676
330100905080253,462,237,0.512987012987013,225,0.487012987012987,31.833333333333332,34.36471861471861
330100905080254,414,220,0.5314009661835749,194,0.46859903381642515,38.44827586206897,38.60507246376812
330100905080255,412,213,0.5169902912621359,199,0.4830097087378641,40.13513513513514,38.5497572815534
330100905080256,487,268,0.5503080082135524,219,0.44969199178644764,38.77358490566038,38.03901437371663
330100905080257,251,135,0.5378486055776892,116,0.46215139442231074,37.794117647058826,39.221115537848604
330100905080258,357,190,0.5322128851540616,167,0.4677871148459384,41.145833333333336,39.8921568627451
330100905080262,299,158,0.5284280936454849,141,0.47157190635451507,29.583333333333332,32.12709030100334
330100905080263,467,254,0.5438972162740899,213,0.45610278372591007,30.546875,32.49678800856531
330100905080264,519,262,0.5048169556840078,257,0.4951830443159923,31.180555555555557,33.42581888246628
330100905080265,503,289,0.5745526838966203,214,0.4254473161033797,28.352272727272727,29.73558648111332
330100905080266,415,213,0.5132530120481927,202,0.4867469879518072,33.87931034482759,35.23975903614458
330100905080267,460,242,0.5260869565217391,218,0.47391304347826085,29.677419354838708,32.97826086956522
330100905080268,480,253,0.5270833333333333,227,0.47291666666666665,33.013698630136986,34.33958333333333
330100905080269,204,107,0.5245098039215687,97,0.47549019607843135,38.75,38.10049019607843
330100905080272,78,39,0.5,39,0.5,41,39.94230769230769
330100905080274,383,205,0.5352480417754569,178,0.46475195822454307,37.549019607843135,37.05613577023499
330100905080275,520,273,0.525,247,0.475,33.625,34.61634615384615
330100905080276,384,204,0.53125,180,0.46875,36.888888888888886,36.475260416666664
330100905080277,286,170,0.5944055944055944,116,0.40559440559440557,38.285714285714285,37.30769230769231
330100905080279,404,212,0.5247524752475248,192,0.4752475247524752,39.787234042553195,38.745049504950494
330100905080281,362,175,0.48342541436464087,187,0.5165745856353591,35.77777777777778,35.68232044198895
330100905080282,301,137,0.45514950166112955,164,0.5448504983388704,27.33695652173913,30.421926910299003
330100905080283,354,179,0.5056497175141242,175,0.4943502824858757,40,39.28531073446328
330100905080284,331,174,0.525679758308157,157,0.4743202416918429,35.48780487804878,36.055891238670696
330100905080285,330,175,0.5303030303030303,155,0.4696969696969697,34.35897435897436,34.875757575757575
330100905080286,313,162,0.5175718849840255,151,0.48242811501597443,31.74418604651163,33.67891373801917
330100905080287,222,120,0.5405405405405406,102,0.4594594594594595,35.2,36.840090090090094
330100905080288,324,163,0.5030864197530864,161,0.49691358024691357,41,39.141975308641975
330100905080289,370,200,0.5405405405405406,170,0.4594594594594595,39.056603773584904,39.545945945945945
330100905080290,271,151,0.5571955719557196,120,0.44280442804428044,40.483870967741936,40.69741697416974
330100905080291,349,181,0.5186246418338109,168,0.4813753581661891,40.092592592592595,38.621776504298
330100905080292,286,151,0.527972027972028,135,0.47202797202797203,29.82142857142857,33.31293706293706
330100905080293,368,188,0.5108695652173914,180,0.4891304347826087,33.57142857142857,34.72554347826087
330100905080294,279,141,0.5053763440860215,138,0.4946236559139785,28.214285714285715,31.43548387096774
330100905080295,320,181,0.565625,139,0.434375,32.666666666666664,34.484375
330100905080296,283,153,0.5406360424028268,130,0.45936395759717313,33.46153846153846,34.74381625441696
330100905080297,247,140,0.5668016194331984,107,0.4331983805668016,39.83333333333333,38.98582995951417
330100905080298,19,10,0.5263157894736842,9,0.47368421052631576,36.42857142857143,35.43333333333333
330100905080299,317,172,0.5425867507886435,145,0.45741324921135645,33.15217391304348,34.298107255520506
330100905080301,261,131,0.5019157088122606,130,0.49808429118773945,33.91891891891892,35.371647509578544
330100905080302,320,168,0.525,152,0.475,33.57142857142857,34.5
330100905080305,501,243,0.48502994011976047,258,0.5149700598802395,28.083333333333332,30.52994011976048
330100905080306,393,206,0.5241730279898219,187,0.4758269720101781,27.661290322580644,29.424936386768447
330100905080307,255,135,0.5294117647058824,120,0.47058823529411764,33.026315789473685,34.59411764705882
330100905080308,564,293,0.5195035460992907,271,0.4804964539007092,28.214285714285715,27.39450354609929
330100905080309,491,257,0.5234215885947047,234,0.47657841140529533,28.26923076923077,28.128309572301426
330100905080310,818,428,0.5232273838630807,390,0.4767726161369193,20.763358778625953,21.941320293398533
330100905080311,522,265,0.5076628352490421,257,0.49233716475095785,20.652173913043477,22.483716475095786
330100905080312,716,381,0.5321229050279329,335,0.46787709497206703,19.5,21.28421787709497
330100905080313,862,472,0.5475638051044084,390,0.45243619489559167,24.485294117647058,27.556844547563806
330100905080314,922,483,0.5238611713665944,439,0.4761388286334056,24.411764705882355,26.337310195227765
330100905080315,492,270,0.5487804878048781,222,0.45121951219512196,25.51282051282051,27.07520325203252
330100905080318,121,61,0.5041322314049587,60,0.49586776859504134,29.411764705882355,29.966666666666665
330100905080320,704,358,0.5085227272727273,346,0.4914772727272727,36.705882352941174,36.99147727272727
330100905080321,105,52,0.49523809523809526,53,0.5047619047619047,26.458333333333332,26.975728155339805
330100905080322,115,59,0.5130434782608696,56,0.48695652173913045,32.95454545454545,33.76521739130435
330100905080323,126,70,0.5555555555555556,56,0.4444444444444444,32.592592592592595,32.357142857142854
330100905080324,221,110,0.497737556561086,111,0.502262443438914,36.25,36.459276018099544
330100905080325,127,56,0.4409448818897638,71,0.5590551181102362,26.607142857142858,29.118110236220474
330100905080326,15,5,0.3333333333333333,10,0.6666666666666666,41.25,30.785714285714285
330100905080327,264,138,0.5227272727272727,126,0.4772727272727273,35.26315789473684,35.308712121212125
330100905080329,NA,NA,NA,NA,NA,NA,NA
330100905080330,347,164,0.47262247838616717,183,0.5273775216138329,27.21153846153846,28.338616714697405
330100905080331,252,128,0.5079365079365079,124,0.49206349206349204,25.96153846153846,28.123015873015873
330100905080332,67,35,0.5223880597014925,32,0.47761194029850745,34.54545454545455,34.90625
330100905080333,278,153,0.5503597122302158,125,0.44964028776978415,26.5,28.52158273381295
330100905080334,580,308,0.5310344827586206,272,0.4689655172413793,30.853658536585368,32.45172413793104
330100905080335,262,141,0.5381679389312977,121,0.4618320610687023,28.870967741935484,31.950381679389313
330100905080336,185,103,0.5567567567567567,82,0.44324324324324327,24.53125,27.667567567567566
330100905080337,153,79,0.5163398692810458,74,0.48366013071895425,32.5,34.22549019607843
330100905080339,308,157,0.5097402597402597,151,0.4902597402597403,38.1578947368421,37.63474025974026
330100905080340,90,52,0.5777777777777777,38,0.4222222222222222,26.428571428571427,31.08888888888889
330100905080341,466,253,0.5429184549356223,213,0.4570815450643777,36.25,36.586909871244636
330100905080342,23,9,0.391304347826087,14,0.6086956521739131,27.5,29.833333333333332
330100905080343,341,175,0.5131964809384164,166,0.4868035190615836,32.083333333333336,34.394428152492665
330100905080344,198,100,0.5050505050505051,98,0.494949494949495,35,35.09090909090909
330100905080345,NA,NA,NA,NA,NA,NA,NA
330100905080346,248,127,0.5120967741935484,121,0.4879032258064516,32,33.125
330100905080347,522,278,0.5325670498084292,244,0.4674329501915709,32.368421052631575,33.672413793103445
330100905080348,264,153,0.5795454545454546,111,0.42045454545454547,43.23529411764706,40.80113636363637
330100905080349,170,84,0.49411764705882355,86,0.5058823529411764,40,38.74411764705882
330100905080350,629,346,0.5500794912559619,283,0.44992050874403816,26.92105263157895,26.80683624801272
330100905080352,512,259,0.505859375,253,0.494140625,32.53968253968254,30.6708984375
330100905080353,261,137,0.524904214559387,124,0.47509578544061304,31.875,29.89272030651341
330100905080354,482,259,0.5373443983402489,223,0.46265560165975106,25.54054054054054,25.704166666666666
330100905080355,339,185,0.5457227138643068,154,0.45427728613569324,24.375,28.01769911504425
330100905080356,348,171,0.49137931034482757,177,0.5086206896551724,26.91176470588235,29.25574712643678
330100905080358,494,262,0.5303643724696356,232,0.46963562753036436,26.550632911392405,26.199797160243406
330100905080359,296,155,0.5236486486486487,141,0.47635135135135137,27.38095238095238,30.300675675675677
330100905080360,545,281,0.5155963302752293,264,0.48440366972477067,27.838983050847457,29.743119266055047
330100905080361,NA,NA,NA,NA,NA,NA,NA
330100905080362,365,186,0.5095890410958904,179,0.4904109589041096,33.867924528301884,34.2
330100905080363,445,212,0.4764044943820225,233,0.5235955056179775,29.416666666666664,30.31123595505618
330100905080364,582,308,0.5292096219931272,274,0.47079037800687284,32.31707317073171,33.86683848797251
330100905080365,241,122,0.5062240663900415,119,0.49377593360995853,31.129032258064516,33.40041493775934
330100905080366,93,43,0.46236559139784944,50,0.5376344086021505,33.5,37.586021505376344
330100905080368,334,167,0.5,167,0.5,36.22222222222222,36.91167664670659
330100905080369,579,307,0.5302245250431779,272,0.4697754749568221,23.728070175438596,27.655440414507773
330100905080371,45,25,0.5555555555555556,20,0.4444444444444444,45.714285714285715,41.075
330100905080372,332,176,0.5301204819277109,156,0.46987951807228917,29,30.091867469879517
330100905080373,276,140,0.5072463768115942,136,0.4927536231884058,35,35.23731884057971
330100905080374,253,139,0.549407114624506,114,0.4505928853754941,32.83783783783784,34.84189723320158
330100905080375,380,204,0.5368421052631579,176,0.4631578947368421,32.61904761904762,33.75921052631579
330100905080376,347,161,0.46397694524495675,186,0.5360230547550432,35.98360655737705,35.75648414985591
330100905080377,190,87,0.45789473684210524,103,0.5421052631578948,38.18181818181818,38.13157894736842
330100905080378,133,74,0.556390977443609,59,0.44360902255639095,35.57692307692308,35.06390977443609
330100905080380,166,94,0.5662650602409639,72,0.43373493975903615,42.972972972972975,39.376506024096386
330100905080382,579,325,0.5613126079447323,254,0.4386873920552677,37.19178082191781,36.8272884283247
330100905080383,NA,NA,NA,NA,NA,NA,NA
330100905080384,NA,NA,NA,NA,NA,NA,NA
330100905080385,12,6,0.5,6,0.5,50,59.75
330100905080386,84,49,0.5833333333333334,35,0.4166666666666667,24.53125,28.126506024096386
330100905080387,26,11,0.4230769230769231,15,0.5769230769230769,53.75,45.5
330100905080388,240,124,0.5166666666666667,116,0.48333333333333334,33.57142857142857,34.48125
330100905080389,579,307,0.5302245250431779,272,0.4697754749568221,33.40277777777778,35.08376511226252
330100905090001,880,464,0.5272727272727272,416,0.4727272727272727,32.932330827067666,33.82272727272727
330100905090002,363,190,0.5234159779614325,173,0.4765840220385675,37.33766233766234,37.38429752066116
330100905090004,510,269,0.5274509803921569,241,0.4725490196078431,38.28125,36.69705882352941
330100905090005,133,62,0.46616541353383456,71,0.5338345864661654,34.473684210526315,33.721804511278194
330100905090010,501,260,0.5189620758483033,241,0.4810379241516966,42.80821917808219,41.07085828343313
330100905090011,514,268,0.5214007782101168,246,0.4785992217898833,38.95522388059702,38.12645914396887
330100905090012,431,210,0.4872389791183295,221,0.5127610208816705,35.406976744186046,36.335266821345705
330100905090014,378,199,0.5264550264550265,179,0.47354497354497355,37.01754385964912,37.25132275132275
330100905090015,394,208,0.5279187817258884,186,0.4720812182741117,35.45454545454545,37.08756345177665
330100905090016,584,293,0.5017123287671232,291,0.4982876712328767,38.15217391304348,38.961472602739725
330100905090017,367,200,0.5449591280653951,167,0.4550408719346049,39.883720930232556,39.47138964577657
330100905090028,95,43,0.45263157894736844,52,0.5473684210526316,36.42857142857143,33.91935483870968
330100905090037,284,135,0.4753521126760563,149,0.5246478873239436,37.84313725490196,37.92077464788732
330100905090038,252,125,0.49603174603174605,127,0.503968253968254,40.55555555555556,40.142857142857146
330100905090039,907,481,0.5303197353914002,426,0.4696802646085998,37.547770700636946,37.03197353914002
330100905090040,792,374,0.4722222222222222,418,0.5277777777777778,30.614035087719298,33.196969696969695
330100905090042,644,316,0.4906832298136646,328,0.5093167701863354,36.853932584269664,37.05512422360248
330100905090047,33,15,0.45454545454545453,18,0.5454545454545454,41.875,40.092592592592595
330100905090050,419,226,0.5393794749403341,193,0.4606205250596659,34.36507936507937,35.236276849642
330100905090051,276,136,0.4927536231884058,140,0.5072463768115942,38.10810810810811,38.42391304347826
330100905090053,130,62,0.47692307692307695,68,0.5230769230769231,40,40.473076923076924
330100905090056,300,156,0.52,144,0.48,32.44444444444444,33.455
330100905090058,710,372,0.523943661971831,338,0.476056338028169,36.06299212598425,35.24929577464789
330100905090059,613,313,0.5106035889070146,300,0.4893964110929853,36.611111111111114,35.6141924959217
330100905090062,58,26,0.4482758620689655,32,0.5517241379310345,31.5625,26.637254901960784
330100905090063,399,213,0.5338345864661654,186,0.46616541353383456,35.18867924528302,35.918546365914786
330100905090064,440,238,0.5409090909090909,202,0.4590909090909091,39.34426229508197,39.16818181818182
330100905090065,192,92,0.4791666666666667,100,0.5208333333333334,41.111111111111114,38.106770833333336
330100905090067,279,146,0.5232974910394266,133,0.4767025089605735,38.125,38.922939068100355
330100905090071,252,134,0.5317460317460317,118,0.46825396825396826,43.65853658536585,42.367063492063494
330100905090072,261,124,0.47509578544061304,137,0.524904214559387,29.84375,32.270114942528735
330100905090075,568,295,0.5193661971830986,273,0.48063380281690143,27.714285714285715,27.927816901408452
330100905090076,204,106,0.5196078431372549,98,0.4803921568627451,30.322580645161292,28.438725490196077
330100905090078,417,215,0.5155875299760192,202,0.4844124700239808,35.691489361702125,36.70503597122302
330100905090080,57,32,0.5614035087719298,25,0.43859649122807015,43,38.00892857142857
330100905090081,NA,NA,NA,NA,NA,NA,NA
330100905090082,135,65,0.48148148148148145,70,0.5185185185185185,38.75,39.07037037037037
330100905090083,216,104,0.48148148148148145,112,0.5185185185185185,37.57575757575758,38.020833333333336
330100905090087,431,211,0.4895591647331787,220,0.5104408352668214,39.91666666666667,38.53480278422274
330100905090088,490,253,0.5163265306122449,237,0.48367346938775513,39.42857142857143,40.13265306122449
330100905090089,NA,NA,NA,NA,NA,NA,NA
330100905090090,66,29,0.4393939393939394,37,0.5606060606060606,43.125,43.333333333333336
330100905090092,333,168,0.5045045045045045,165,0.4954954954954955,37.01923076923077,37.448948948948946
330100905090093,454,229,0.5044052863436124,225,0.4955947136563877,38.80597014925373,38.09911894273128
330100905090094,477,240,0.5031446540880503,237,0.4968553459119497,38.46774193548387,38.79874213836478
330100905090095,433,231,0.5334872979214781,202,0.4665127020785219,34.38461538461539,35.710161662817555
330100905090096,610,330,0.5409836065573771,280,0.45901639344262296,40.141843971631204,36.412295081967216
330100905090097,527,266,0.5047438330170778,261,0.4952561669829222,36.111111111111114,35.65749525616698
330100905090098,812,407,0.5012315270935961,405,0.4987684729064039,32.8310502283105,30.895320197044335
330100905090099,166,79,0.4759036144578313,87,0.5240963855421686,37.5,38.975903614457835
330100905090101,83,37,0.4457831325301205,46,0.5542168674698795,29.166666666666668,29.89156626506024
330100905090102,256,132,0.515625,124,0.484375,36.75675675675676,36.19921875
330100905090103,256,130,0.5078125,126,0.4921875,40.51282051282051,40.478515625
330100905090105,509,272,0.5343811394891945,237,0.4656188605108055,38.48684210526316,39.052062868369354
330100905090106,474,246,0.5189873417721519,228,0.4810126582278481,37.61194029850746,38.31856540084388
330100905090107,332,165,0.49698795180722893,167,0.5030120481927711,30,32.24096385542169
330100905090108,564,294,0.5212765957446809,270,0.4787234042553192,33.88235294117647,35.06382978723404
330100905090109,340,194,0.5705882352941176,146,0.4294117647058823,41.48148148148148,40.398529411764706
330100905090110,273,136,0.4981684981684982,137,0.5018315018315018,37.416666666666664,37.879120879120876
330100905090111,371,196,0.5283018867924528,175,0.4716981132075472,39.90384615384615,38.857142857142854
330100905090112,180,95,0.5277777777777778,85,0.4722222222222222,39.6551724137931,39.625
330100905090113,315,177,0.5619047619047619,138,0.4380952380952381,37.28260869565217,37.30793650793651
330100905090114,308,152,0.4935064935064935,156,0.5064935064935064,34.48275862068965,36.782467532467535
330100905090115,346,196,0.5664739884393064,150,0.43352601156069365,41.568627450980394,40.36705202312139
330100905090116,362,192,0.5303867403314917,170,0.4696132596685083,38.64406779661017,39.79558011049724
330100905090117,314,173,0.5509554140127388,141,0.44904458598726116,41.08695652173913,40.19426751592356
330100905090118,222,130,0.5855855855855856,92,0.4144144144144144,39.354838709677416,38.67567567567568
330100905090119,194,101,0.520618556701031,93,0.4793814432989691,41.73913043478261,40.88917525773196
330100905090120,293,156,0.5324232081911263,137,0.46757679180887374,35.32608695652174,35.715017064846414
330100905090121,315,163,0.5174603174603175,152,0.48253968253968255,40.490196078431374,40.2047619047619
330100905090122,208,108,0.5192307692307693,100,0.4807692307692308,43.57142857142857,41.64423076923077
330100905090123,623,327,0.5248796147672552,296,0.4751203852327448,37.921348314606746,37.87961476725522
330100905090124,216,107,0.49537037037037035,109,0.5046296296296297,37.5,37.958333333333336
330100905090125,320,172,0.5375,148,0.4625,40.3921568627451,38.1359375
330100905090126,384,208,0.5416666666666666,176,0.4583333333333333,33.278688524590166,35.255208333333336
330100905090127,219,105,0.4794520547945205,114,0.5205479452054794,40.75757575757576,41.81506849315068
330100905090128,166,82,0.4939759036144578,84,0.5060240963855421,36.8,35.85843373493976
330100905090131,369,187,0.5067750677506775,182,0.4932249322493225,39.8780487804878,38.71951219512195
330100905090133,335,168,0.5014925373134328,167,0.49850746268656715,25.97826086956522,28.546268656716418
330100905090134,151,76,0.5033112582781457,75,0.4966887417218543,41.52173913043478,40.34437086092715
330100905090135,345,191,0.553623188405797,154,0.4463768115942029,41.5625,40.42173913043478
330100905090136,490,257,0.5244897959183673,233,0.47551020408163264,37.945205479452056,37.88979591836735
330100905090137,522,274,0.524904214559387,248,0.47509578544061304,34.39393939393939,35.667624521072796
330100905090138,226,122,0.5398230088495575,104,0.46017699115044247,37.878787878787875,37.33849557522124
330100905090139,616,300,0.487012987012987,316,0.512987012987013,32.247191011235955,33.94805194805195
330100905090140,269,145,0.5390334572490706,124,0.46096654275092935,38.58974358974359,38.10408921933085
330100905090141,356,194,0.5449438202247191,162,0.4550561797752809,39,38.75561797752809
330100905090142,313,162,0.5175718849840255,151,0.48242811501597443,38.829787234042556,39.12300319488818
330100905090143,354,190,0.536723163841808,164,0.4632768361581921,43.166666666666664,41.69632768361582
330100905090144,NA,NA,NA,NA,NA,NA,NA
330100905090145,148,80,0.5405405405405406,68,0.4594594594594595,37.41935483870968,36.86486486486486
330100905090146,323,168,0.5201238390092879,155,0.47987616099071206,36.80327868852459,36.95665634674923
330100905090147,313,170,0.5431309904153354,143,0.45686900958466453,35.75,35.54952076677316
330100905090148,423,206,0.48699763593380613,217,0.5130023640661938,38.114754098360656,35.504728132387704
330100905090149,342,182,0.5321637426900585,160,0.4678362573099415,40.38461538461539,40.046783625730995
330100905090150,450,238,0.5288888888888889,212,0.4711111111111111,40.18518518518518,39.93888888888889
330100905090151,219,109,0.4977168949771689,110,0.502283105022831,39.827586206896555,39.34018264840183
330100905090152,242,121,0.5,121,0.5,42.857142857142854,41.29545454545455
330100905090153,394,208,0.5279187817258884,186,0.4720812182741117,34.339622641509436,35.02157360406091
330100905090154,352,185,0.5255681818181818,167,0.4744318181818182,41.21951219512195,41.36647727272727
330100905090155,294,154,0.5238095238095238,140,0.47619047619047616,37.38461538461539,39.195578231292515
330100905090156,168,84,0.5,84,0.5,36.1764705882353,33.967261904761905
330100905090157,435,229,0.5264367816091954,206,0.4735632183908046,39.74576271186441,39.301149425287356
330100905090158,243,117,0.48148148148148145,126,0.5185185185185185,36.70454545454545,37.041152263374485
330100905090159,419,220,0.5250596658711217,199,0.47494033412887826,32.07692307692308,32.985680190930786
330100905090162,252,132,0.5238095238095238,120,0.47619047619047616,33.111111111111114,34.317460317460316
330100905090163,376,185,0.4920212765957447,191,0.5079787234042553,37.142857142857146,36.452127659574465
330100905090164,327,175,0.5351681957186545,152,0.4648318042813456,36.09090909090909,34.47553516819572
330100905090165,332,177,0.5331325301204819,155,0.46686746987951805,41.37931034482759,39.484939759036145
330100905090166,306,153,0.5,153,0.5,41.07692307692308,37.6764705882353
330100905090167,388,193,0.49742268041237114,195,0.5025773195876289,33.898305084745765,34.8041237113402
330100905090168,595,308,0.5176470588235295,287,0.4823529411764706,29.791666666666668,31.647899159663865
330100905090169,540,265,0.49074074074074076,275,0.5092592592592593,31.297709923664122,30.589814814814815
330100905090170,388,212,0.5463917525773195,176,0.4536082474226804,28.365384615384617,28.1520618556701
330100905090173,281,143,0.5088967971530249,138,0.49110320284697506,35.11904761904762,34.169039145907476
330100905090174,95,50,0.5263157894736842,45,0.47368421052631576,34.25,33.59473684210526
330100905090175,237,114,0.4810126582278481,123,0.5189873417721519,33.25,32.80801687763713
330100905090176,303,147,0.48514851485148514,156,0.5148514851485149,32.532467532467535,31.178217821782177
330100905090177,431,222,0.5150812064965197,209,0.48491879350348027,32.904761904761905,31.179814385150813
330100905090178,NA,NA,NA,NA,NA,NA,NA
330100905090179,138,75,0.5434782608695652,63,0.45652173913043476,38.84615384615385,37.669117647058826
330100905090180,183,97,0.5300546448087432,86,0.46994535519125685,41.4,40.60655737704918
330100905090181,167,86,0.5149700598802395,81,0.48502994011976047,39.48275862068965,40.79940119760479
330100905090182,320,163,0.509375,157,0.490625,35.925925925925924,36.0796875
330100905090183,568,314,0.5528169014084507,254,0.4471830985915493,36.13861386138614,35.941901408450704
330100905090184,302,154,0.5099337748344371,148,0.4900662251655629,38.80952380952381,36.40066225165563
330100905090185,214,108,0.5046728971962616,106,0.4953271028037383,33.72093023255814,32.69859813084112
330100905090186,403,208,0.5161290322580645,195,0.4838709677419355,31.263736263736263,30.265508684863523
330100905090187,173,88,0.5086705202312138,85,0.4913294797687861,42.42857142857143,40.10982658959538
330100905090188,326,171,0.5245398773006135,155,0.4754601226993865,32.78846153846154,32.19938650306749
330100905090189,311,166,0.5337620578778135,145,0.4662379421221865,32.26315789473684,31.89871382636656
330100905090190,395,211,0.5341772151898734,184,0.46582278481012657,32.75,32.54810126582279
330100905090191,508,251,0.4940944881889764,257,0.5059055118110236,30.263157894736842,31.180118110236222
330100905090192,322,154,0.4782608695652174,168,0.5217391304347826,37.67857142857143,37.65527950310559
330100905090193,388,203,0.5231958762886598,185,0.47680412371134023,39.43396226415094,39.2139175257732
330100905090194,104,36,0.34615384615384615,68,0.6538461538461539,36.666666666666664,37.58173076923077
330100905090195,259,128,0.4942084942084942,131,0.5057915057915058,36.77777777777778,37.986486486486484
330100905090197,68,37,0.5441176470588235,31,0.45588235294117646,26.25,28.242424242424242
330100905090198,14,7,0.5,7,0.5,65,64.5
330100905090199,NA,NA,NA,NA,NA,NA,NA
330100905090200,765,392,0.5124183006535947,373,0.4875816993464052,36.98581560283688,36.35947712418301
330100905090202,376,189,0.5026595744680851,187,0.4973404255319149,34.72727272727273,35.8031914893617
330100905090203,545,271,0.4972477064220184,274,0.5027522935779817,38.81944444444444,38.164220183486236
330100905090204,354,183,0.5169491525423728,171,0.4830508474576271,42.30769230769231,40.75423728813559
